level,word,pinyin,english
7-9,挨,āi,in order; in sequence; close to; adjacent to
7-9,哀求,āiqiú,to entreat; to implore; to plead
7-9,挨,ái,suffer; endure; expose
7-9,癌,ái,cancer; carcinoma; also pr. [yán]
7-9,爱戴,àidài,to love and respect; love and respect
7-9,暧昧,àimèi,vague; ambiguous; equivocal; dubious
7-9,爱慕,àimù,admire and love
7-9,碍事,àishì,to be in the way; to be a hindrance; (usu. in the negative) to be of consequence; to matter
7-9,爱惜,àixī,to cherish; to treasure; to use sparingly
7-9,艾滋病,àizībìng,AIDS (loanword)
7-9,安定,āndìng,"Anting township in Tainan county 台南县, Taiwan; stable; calm; settled; to stabilize; Valium; diazepam"
7-9,安抚,ānfǔ,to placate; to pacify; to appease
7-9,安眠药,ānmiányào,sleeping pill
7-9,安宁,ānníng,"Anning District of Lanzhou City 兰州市, Gansu; Anning City, to the west of Kunming 明, Yunnan; peaceful; tranquil; calm; composed; free from worry"
7-9,安详,ānxiáng,serene
7-9,安心,ānxīn,at ease; to feel relieved; to set one's mind at rest; to keep one's mind on sth
7-9,安逸,ānyì,comfortable and happy; at ease
7-9,安置,ānzhì,to find a place for; to help settle down; to arrange for; to get into bed; placement
7-9,暗地里,àndìlǐ,secretly; inwardly; on the sly
7-9,案件,ànjiàn,case; instance
7-9,按理,ànlǐ,according to reason
7-9,按说,ànshuō,in the ordinary course of events; ordinarily; normally
7-9,暗中,ànzhōng,in the dark; in secret; on the sly; surreptitiously
7-9,凹,āo,depressed; sunken; indented; concave; female (connector etc)
7-9,熬,áo,to cook on a slow fire; to extract by heating; to decoct; to endure
7-9,傲,ào,proud; arrogant; to despise; unyielding; to defy
7-9,傲慢,àomàn,arrogant; haughty
7-9,奥秘,àomì,secret; mystery
7-9,扒,bā,to peel; to skin; to tear; to pull down; to cling to (sth on which one is climbing); to dig
7-9,疤,bā,scar; scab
7-9,巴不得,bābudé,(coll.) to be eager for; to long for; to look forward to
7-9,八成,bāchéng,eighty percent; most likely; eighty out of 100
7-9,八卦,bāguà,gossip; Eight Trigrams; (Internet slang) rumors; gossip
7-9,巴结,bājie,to fawn on; to curry favor with; to make up to
7-9,巴掌,bāzhang,palm of hand
7-9,拔,bá,to pull up; to pull out; to draw out by suction; to select; to pick; to stand out (above level); to surpass; to seize
7-9,把柄,bǎbǐng,handle; (fig.) information that can be used against sb
7-9,把关,bǎguān,to guard the pass; to ensure; to vet
7-9,把手,bǎshou,handle; grip; knob
7-9,霸道,bàdào,"the Way of the Hegemon; abbr. for 霸王之道; despotic rule; rule by might; evil as opposed to the Way of the King 王道; overbearing; tyranny; (of liquor, medicine etc) strong; potent"
7-9,罢工,bàgōng,a strike; to go on strike
7-9,罢了,bàle,"a modal particle indicating (that's all, only, nothing much)"
7-9,罢免,bàmiǎn,to remove sb from their post; to dismiss
7-9,罢休,bàxiū,to give up; to abandon (a goal etc); to let sth go; forget it; let the matter drop
7-9,霸占,bàzhàn,to occupy by force; to seize; to dominate
7-9,掰,bāi,to break off or break open sth with one's hands; (fig.) to break off (a relationship)
7-9,百般,bǎibān,in every way; in every possible way; in all sorts of ways
7-9,摆动,bǎidòng,to sway; to swing; to move back and forth; to oscillate
7-9,百分比,bǎifēnbǐ,percentage
7-9,百科全书,bǎikē quánshū,encyclopedia
7-9,摆平,bǎipíng,to be fair; to be impartial; to settle (a matter etc)
7-9,摆设,bǎishe,to arrange; furnishing; to put on airs; to pose
7-9,柏树,bǎishù,cypress tree; Taiwan pr. [bó shù]
7-9,败坏,bàihuài,to ruin; to corrupt; to undermine
7-9,拜会,bàihuì,(often used in the context of diplomacy) to meet with; to pay a visit to; to call on
7-9,拜见,bàijiàn,to pay a formal visit; to call to pay respects; to meet one's senior or superior
7-9,扳,bān,to pull; to turn (sth) around; to turn around (a situation); to recoup
7-9,颁布,bānbù,"to issue; to proclaim; to enact (laws, decrees etc)"
7-9,斑点,bāndiǎn,spot; stain; speckle
7-9,颁发,bānfā,to issue; to promulgate; to award
7-9,颁奖,bānjiǎng,to confer an award
7-9,斑马线,bānmǎxiàn,zebra crossing
7-9,搬迁,bānqiān,to move; to relocate; removal
7-9,板块,bǎnkuài,slab; (geology) tectonic plate; (fig.) sector (of the stock market or of industry); (economic) bloc
7-9,版权,bǎnquán,copyright; right of publication; author's right
7-9,扮,bàn,to disguise oneself as; to dress up; to play (a role); to put on (an expression)
7-9,伴,bàn,partner; companion; comrade; associate; to accompany
7-9,拌,bàn,to mix; to stir; to toss (food)
7-9,绊,bàn,to trip; to stumble  
7-9,半岛,bàndǎo,peninsula
7-9,半导体,bàndǎotǐ,semiconductor
7-9,绊脚石,bànjiǎoshí,stumbling block; obstacle
7-9,半径,bànjìng,radius
7-9,伴侣,bànlǚ,companion; mate; partner
7-9,半途而废,bàntú’érfèi,to give up halfway (idiom); leave sth unfinished
7-9,办学,bànxué,to run a school
7-9,伴奏,bànzòu,to accompany (musically)
7-9,帮手,bāngshou,helper; assistant
7-9,绑,bǎng,to tie; bind or fasten together; to kidnap
7-9,绑架,bǎngjià,to kidnap; to abduct; to hijack; a kidnapping; abduction; staking
7-9,磅,bàng,"scale (instrument for weighing); to weigh; (loanword) pound (unit of weight, about 454 grams); (printing) point (unit used to measure the size of type)"
7-9,煲,bāo,to cook slowly over a low flame; pot; saucepan
7-9,剥,bāo,to peel; to skin; to shell; to shuck
7-9,褒贬,bāobiǎn,praise and criticism; to commend or condemn
7-9,包袱,bāofu,wrapping cloth; a bundle wrapped in cloth; load; weight; burden; funny part; punchline
7-9,包容,bāoróng,to pardon; to forgive; to show tolerance; to contain; to hold; inclusive
7-9,包围,bāowéi,to surround; to encircle; to hem in
7-9,包扎,bāozā,variant of 包扎; to wrap up; to pack; to bind up (a wound)
7-9,饱和,bǎohé,saturated; filled to capacity
7-9,宝库,bǎokù,"treasure-house; treasury; treasure-trove (often fig., book of treasured wisdom)"
7-9,堡垒,bǎolěi,fort
7-9,饱满,bǎomǎn,full; plump
7-9,保密,bǎomì,to keep sth confidential; to maintain secrecy
7-9,保姆,bǎomǔ,nanny; housekeeper
7-9,宝石,bǎoshí,precious stone; gem
7-9,保守,bǎoshǒu,conservative; to guard; to keep
7-9,保卫,bǎowèi,to defend; to safeguard
7-9,保鲜,bǎoxiān,to keep fresh
7-9,保养,bǎoyǎng,to take good care of (or conserve) one's health; to keep in good repair; to maintain; maintenance
7-9,保佑,bǎoyòu,to bless and protect; blessing
7-9,宝藏,bǎozàng,treasure
7-9,保重,bǎozhòng,to take care of oneself
7-9,豹,bào,leopard; panther
7-9,报案,bào’àn,report to the police
7-9,报酬,bàochou,reward; remuneration
7-9,报仇,bàochóu,revenge; vengeance
7-9,报答,bàodá,to repay; to requite
7-9,报复,bàofù,to make reprisals; to retaliate; revenge; retaliation
7-9,抱负,bàofù,aspiration; ambition
7-9,曝光,bàoguāng,to expose (photography); (fig.) to expose (a scandal); (advertising) exposure; Taiwan pr. [pù guāng]
7-9,暴利,bàolì,sudden huge profits
7-9,爆满,bàomǎn,"filled to capacity (of theater, stadium, gymnasium etc)"
7-9,报销,bàoxiāo,to submit an expense account; to apply for reimbursement; to write off; to wipe out
7-9,暴躁,bàozào,irascible; irritable; violent
7-9,爆竹,bàozhú,firecracker
7-9,碑,bēi,a monument; an upright stone tablet; stele
7-9,悲哀,bēi’āi,grieved; sorrowful
7-9,悲惨,bēicǎn,miserable; tragic
7-9,背负,bēifù,to carry on one's shoulders; to bear (a burden)
7-9,悲痛,bēitòng,grieved; sorrowful
7-9,卑微,bēiwēi,humble; lowly
7-9,备,bèi,prepare
7-9,备份,bèifèn,backup
7-9,贝壳,bèiké,shell; conch; cowry; mother of pearl; hard outer skin; also pr. [bèi qiào]
7-9,备课,bèikè,(of a teacher) to prepare lessons
7-9,背面,bèimiàn,the back; the reverse side; the wrong side
7-9,背叛,bèipàn,to betray
7-9,背诵,bèisòng,to recite; to repeat from memory
7-9,备忘录,bèiwànglù,memorandum; aide-memoire; memorandum book
7-9,背影,bèiyǐng,figure seen from behind
7-9,备战,bèizhàn,prepare for war
7-9,奔波,bēnbō,to rush about; to be constantly on the move
7-9,奔驰,bēnchí,"Benz (name); Mercedes-Benz, German car maker; to run quickly; to speed; to gallop"
7-9,奔赴,bēnfù,to rush to; to hurry to
7-9,本分,běnfèn,duty; responsibility
7-9,本钱,běnqián,capital; (fig.) asset; advantage; the means (to do sth)
7-9,本事,běnshi,ability; skill
7-9,本性,běnxìng,natural instincts; nature; inherent quality
7-9,本意,běnyì,original idea; real intention; etymon
7-9,本着,běnzhe,based on; in accordance with
7-9,奔,bèn,to go to; to head for; towards; Taiwan pr. [bēn]; variant of 奔
7-9,笨拙,bènzhuō,clumsy; awkward; stupid
7-9,绷,bēng,variant of 绷; to draw tight; to stretch taut; to tack (with thread or pin); embroidery hoop; woven bed mat
7-9,绷带,bēngdài,bandage (loanword)
7-9,崩溃,bēngkuì,to collapse; to crumble; to fall apart
7-9,蹦,bèng,to jump; to bounce; to hop
7-9,迸发,bèngfā,to burst forth
7-9,逼近,bījìn,to press on towards; to close in on; to approach; to draw near
7-9,逼迫,bīpò,to force; to compel; to coerce
7-9,逼真,bīzhēn,lifelike; true to life; distinctly; clearly
7-9,鼻涕,bítì,nasal mucus; snivel; snot
7-9,笔墨,bǐmò,writing and painting; writing materials
7-9,比试,bǐshi,to have a competition; to measure with one's hand or arm; to make a gesture of measuring
7-9,鄙视,bǐshì,to despise; to look down on; to scorn
7-9,弊病,bìbìng,malady; evil; malpractice; drawback; disadvantage
7-9,必不可少,bìbùkěshǎo,absolutely necessary; indispensable; essential
7-9,必定,bìdìng,to be bound to; to be sure to
7-9,弊端,bìduān,systemic problem (sometimes refers specifically to corrupt practices)
7-9,必将,bìjiāng,inevitably
7-9,壁垒,bìlěi,rampart; barrier; breastwork
7-9,碧绿,bìlǜ,dark green
7-9,避难,bìnàn,refuge; to take refuge; to seek asylum (political etc)
7-9,避让,bìràng,to avoid
7-9,毕生,bìshēng,all one's life; lifelong
7-9,避暑,bìshǔ,to be away for the summer holidays; to spend a holiday at a summer resort; to prevent sunstroke
7-9,鞭策,biāncè,to spur on; to urge on; to encourage sb (e.g. to make progress)
7-9,编程,biānchéng,programming
7-9,编号,biānhào,to number; numbering; serial number
7-9,边疆,biānjiāng,border area; borderland; frontier; frontier region
7-9,边界,biānjiè,border; boundary
7-9,边境,biānjìng,frontier; border
7-9,编排,biānpái,to arrange; to lay out
7-9,鞭炮,biānpào,firecrackers; string of small firecrackers
7-9,边缘,biānyuán,edge; fringe; verge; brink; periphery; marginal; borderline
7-9,边远,biānyuǎn,remote; far from the center
7-9,编造,biānzào,to compile; to draw up; to fabricate; to invent; to concoct; to make up; to cook up
7-9,扁,biǎn,flat; (coll.) to beat (sb) up; old variant of 匾
7-9,贬低,biǎndī,to belittle; to disparage; to play down; to demean; to degrade; to devalue
7-9,贬值,biǎnzhí,to become devaluated; to devaluate; to depreciate
7-9,辩,biàn,to dispute; to debate; to argue; to discuss
7-9,辨别,biànbié,to distinguish; to differentiate; to discern; to recognize; to tell
7-9,遍布,biànbù,to cover the whole (area); to be found throughout
7-9,便饭,biànfàn,an ordinary meal; simple home cooking
7-9,变革,biàngé,to transform; to change
7-9,变更,biàngēng,to change; to alter; to modify
7-9,变故,biàngù,an unforeseen event; accident; misfortune
7-9,变换,biànhuàn,to transform; to convert; to vary; to alternate; a transformation
7-9,辩解,biànjiě,to explain away; to justify; to vindicate
7-9,辩论,biànlùn,debate; argument; to argue over
7-9,变迁,biànqiān,changes; vicissitudes
7-9,辨认,biànrèn,to recognize; to identify
7-9,变通,biàntōng,to be flexible; to be adaptable
7-9,变形,biànxíng,to become deformed; to change shape; to morph
7-9,变异,biànyì,variation
7-9,辩证,biànzhèng,to investigate; dialectical
7-9,辫子,biànzi,plait; braid; pigtail; a mistake or shortcoming that may be exploited by an opponent; handle
7-9,标,biāo,"mark; sign; label; to mark with a symbol, label, lettering etc; to bear (a brand name, registration number etc); prize; award; bid; target; quota; (old) the topmost branches of a tree; visible symptom; classifier for military units"
7-9,标榜,biāobǎng,to flaunt; to advertise; to parade; boost; excessive praise
7-9,标本,biāoběn,specimen; sample; the root cause and symptoms of a disease
7-9,标点,biāodiǎn,punctuation; a punctuation mark; to punctuate
7-9,标记,biāojì,sign; mark; symbol; to mark up; (computing) token
7-9,标签,biāoqiān,label; tag; (computing) tab (GUI element)
7-9,飙升,biāoshēng,to rise rapidly; to soar
7-9,标识,biāoshí,mark; sign; symbol; to mark or indicate; to brand; (computing) token
7-9,标示,biāoshì,to indicate
7-9,标致,biāozhì,Peugeot
7-9,表白,biǎobái,to explain oneself; to express; to reveal one's thoughts or feelings; declaration; confession
7-9,表决,biǎojué,to decide by vote; to vote
7-9,表述,biǎoshù,expression; statement
7-9,表率,biǎoshuài,example; model
7-9,憋,biē,to choke; to stifle; to restrain; to hold back; to hold in (urine); to hold (one's breath)
7-9,别看,biékàn,don't be fooled by the fact that
7-9,别墅,biéshù,villa
7-9,别说,biéshuō,to say nothing of; not to mention; let alone
7-9,别致,biézhì,unusual; unique; variant of 别致
7-9,别扭,bièniu,awkward; difficult; uncomfortable; not agreeing; at loggerheads; gauche
7-9,缤纷,bīnfēn,vast and various; rich and diverse
7-9,濒临,bīnlín,on the edge of; (fig.) on the verge of; close to
7-9,冰雹,bīngbáo,hail; hailstone
7-9,冰棍儿,bīnggùnr,ice lolly; popsicle
7-9,丙,bǐng,"third of the ten Heavenly Stems 干; third in order; letter ""C"" or Roman ""III"" in list ""A, B, C"", or ""I, II, III"" etc; ancient Chinese compass point: 165°; propyl"
7-9,秉承,bǐngchéng,to take orders; to receive commands; to carry on (a tradition)
7-9,秉持,bǐngchí,uphold; to hold to (a principle etc)
7-9,并非,bìngfēi,really isn't
7-9,并购,bìnggòu,merger and acquisition (M and A); acquisition; to take over
7-9,并肩,bìngjiān,side by side
7-9,病历,bìnglì,medical record
7-9,并列,bìngliè,to stand side by side; to be juxtaposed
7-9,并行,bìngxíng,"to proceed in parallel; side by side (of two processes, developments, thoughts etc)"
7-9,病症,bìngzhèng,disease; illness
7-9,拨,bō,"to push aside with the hand, foot, a stick etc; to dial; to allocate; to set aside (money); to poke (the fire); to pluck (a string instrument); to turn round; classifier: group, batch"
7-9,波动,bōdòng,to undulate; to fluctuate; wave motion; rise and fall
7-9,剥夺,bōduó,to deprive; to expropriate; to strip (sb of his property)
7-9,波及,bōjí,to spread to; to involve; to affect
7-9,拨款,bōkuǎn,to allocate funds; to appropriate funds
7-9,波澜,bōlán,billows; great waves (fig. of a story with great momentum)
7-9,波涛,bōtāo,great waves; billows
7-9,剥削,bōxuē,to exploit; exploitation
7-9,波折,bōzhé,twists and turns
7-9,伯伯,bóbo,uncle (father's elder brother)
7-9,驳回,bóhuí,to reject; to turn down; to overrule
7-9,伯母,bómǔ,wife of father's elder brother; aunt; (polite form of address for a woman who is about the age of one's mother)
7-9,博学,bóxué,learned; erudite
7-9,博弈,bóyì,game; contest; competition; (math.) game
7-9,不算,bú suàn,to not calculate; to not count; to not be considered (as); to have no weight
7-9,不当,búdàng,improper
7-9,不定,búdìng,indefinite; indeterminate; (botany) adventitious
7-9,不动产,búdòngchǎn,immovable property; real estate
7-9,不见得,bújiàndé,not necessarily; not likely
7-9,不愧,búkuì,to be worthy of; to deserve to be called; to prove oneself to be
7-9,不妙,búmiào,not very good; unfavorable; ominous
7-9,不慎,búshèn,incautious; inattentive
7-9,不下,búxià,not bad; acceptable
7-9,不像话,búxiànghuà,unreasonable; shocking; outrageous
7-9,不肖,búxiào,unworthy
7-9,不屑,búxiè,to disdain to do sth; to think sth not worth doing; to feel it beneath one's dignity
7-9,不懈,búxiè,untiring; unremitting; indefatigable
7-9,不亚于,búyàyú,no less than; not inferior to
7-9,不翼而飞,búyì’érfēi,to disappear without trace; to vanish all of a sudden; to spread fast; to spread like wildfire
7-9,不亦乐乎,búyìlèhū,lit. isn't that a joy? (quote from Confucius); fig. (jocular) extremely; awfully
7-9,不正之风,búzhèngzhīfēng,unhealthy tendency
7-9,捕获,bǔhuò,capture; catch
7-9,补给,bǔjǐ,supply; replenishment; to replenish
7-9,补救,bǔjiù,to remedy
7-9,哺乳,bǔrǔ,breastfeeding; to suckle; to nurse
7-9,捕食,bǔshí,hunt for food
7-9,哺育,bǔyù,to feed; (fig.) to nurture; to foster
7-9,补助,bǔzhù,to subsidize; subsidy; allowance
7-9,捕捉,bǔzhuō,capture; catch
7-9,不经意,bù jīngyì,not paying attention; carelessly; by accident
7-9,不得已,bùdéyǐ,to act against one's will; to have no alternative but to; to have to; to have no choice; must
7-9,不法,bùfǎ,lawless
7-9,不妨,bùfáng,there is no harm in; might as well
7-9,不服,bùfú,not to accept sth; to want to have sth overruled or changed; to refuse to obey or comply; to refuse to accept as final; to remain unconvinced by; not to give in to
7-9,不敢当,bùgǎndāng,lit. I dare not (accept the honor); fig. I don't deserve your praise; you flatter me
7-9,不及,bùjí,not as good as; not to come up to; cannot match; cannot reach
7-9,部件,bùjiàn,part; component
7-9,不解,bùjiě,to not understand; to be puzzled by; indissoluble
7-9,不景气,bùjǐngqì,slack; in a slump
7-9,布局,bùjú,arrangement; composition; layout; opening (chess jargon)
7-9,不免,bùmiǎn,inevitably
7-9,不平,bùpíng,uneven; injustice; unfairness; wrong; grievance; indignant; dissatisfied
7-9,不容,bùróng,must not; cannot; to not allow; cannot tolerate
7-9,步入,bùrù,to step into; to enter
7-9,部署,bùshǔ,to dispose; to deploy; deployment
7-9,不惜,bùxī,not stint; not spare; not hesitate (to do sth); not scruple (to do sth)
7-9,不言而喻,bùyán’éryù,it goes without saying; it is self-evident
7-9,不由得,bùyóude,can't help; cannot but
7-9,不由自主,bùyóuzìzhǔ,can't help; involuntarily (idiom)
7-9,猜想,cāixiǎng,guess; conjecture
7-9,裁,cái,to cut out (as a dress); to cut; to trim; to reduce; to diminish; to cut back (e.g. on staff); decision; judgment
7-9,裁缝,cáifeng,tailor; dressmaker
7-9,才干,cáigàn,ability; competence
7-9,财经,cáijīng,finance and economics
7-9,裁决,cáijué,judgment; decision
7-9,财力,cáilì,financial resources
7-9,采,cǎi,to pick; to pluck; to collect; to select; to choose; to gather; color; complexion; looks; variant of 彩; variant of 采
7-9,采矿,cǎikuàng,mining
7-9,采摘,cǎizhāi,pick; pluck
7-9,菜肴,càiyáo,dishes (of food)
7-9,参见,cānjiàn,to refer to; see also; compare (cf.); to pay respect to
7-9,参谋,cānmóu,staff officer; to give advice
7-9,参照,cānzhào,to consult a reference; to refer to (another document)
7-9,残,cán,to destroy; to spoil; to ruin; to injure; cruel; oppressive; savage; brutal; incomplete; disabled; to remain; to survive; remnant; surplus
7-9,残酷,cánkù,cruel; cruelty
7-9,惭愧,cánkuì,ashamed
7-9,残缺,cánquē,badly damaged; shattered
7-9,残忍,cánrěn,cruel; mean; merciless; ruthless
7-9,惨,cǎn,miserable
7-9,惨白,cǎnbái,deathly pale
7-9,惨痛,cǎntòng,bitter; painful; deeply distressed
7-9,惨重,cǎnzhòng,disastrous
7-9,灿烂,cànlàn,to glitter; brilliant; splendid
7-9,苍白,cāngbái,pale; wan
7-9,仓促,cāngcù,all of a sudden; hurriedly
7-9,沧桑,cāngsāng,great changes; ups and downs; vicissitudes; abbr. of 沧海桑田
7-9,苍蝇,cāngying,housefly
7-9,藏匿,cángnì,to cover up; to conceal; to go into hiding
7-9,藏品,cángpǐn,museum piece; collector's item; precious object
7-9,藏身,cángshēn,to hide; to go into hiding; to take refuge
7-9,操控,cāokòng,to control; to manipulate
7-9,操劳,cāoláo,to work hard; to look after
7-9,操练,cāoliàn,drill; practice
7-9,操心,cāoxīn,to worry about
7-9,操纵,cāozòng,to control; to manipulate
7-9,嘈杂,cáozá,noisy; clamorous
7-9,草丛,cǎocóng,bushes; grass
7-9,草坪,cǎopíng,lawn
7-9,草率,cǎoshuài,careless; negligent; sloppy; not serious
7-9,草药,cǎoyào,herbal medicine
7-9,测定,cèdìng,to determine (by measuring or surveying)
7-9,测验,cèyàn,test; to test
7-9,侧重,cèzhòng,to place particular emphasis on
7-9,蹭,cèng,to rub against; to walk slowly; (coll.) to freeload
7-9,差错,chācuò,mistake; slip-up; fault; error; accident; mishap
7-9,差额,chā’é,balance (financial); discrepancy (in a sum or quota); difference
7-9,插曲,chāqǔ,interlude; episode
7-9,插手,chāshǒu,to get involved in; to meddle; interference
7-9,插图,chātú,illustration
7-9,插嘴,chāzuǐ,to interrupt (sb talking); to butt in; to cut into a conversation
7-9,查获,cháhuò,"to track down and seize (a criminal suspect, contraband etc)"
7-9,察觉,chájué,to sense; to perceive; to become aware of; to detect
7-9,察看,chákàn,to look at; to inspect
7-9,查明,chámíng,to investigate and find out; to ascertain
7-9,岔,chà,"fork in road; bifurcation; branch in road, river, mountain range etc; to branch off; to turn off; to diverge; to stray (from the path); to change the subject; to interrupt; to stagger (times)"
7-9,刹那,chànà,an instant (Sanskrit: ksana); split second; the twinkling of an eye
7-9,诧异,chàyì,flabbergasted; astonished
7-9,柴油,cháiyóu,diesel fuel
7-9,掺,chān,variant of 搀; to mix
7-9,搀,chān,to take by the arm and assist; to mix; to blend; to dilute; to adulterate
7-9,馋,chán,gluttonous; greedy; to have a craving
7-9,缠,chán,to wind around; to wrap round; to coil; tangle; to involve; to bother; to annoy
7-9,缠绕,chánrào,twisting; to twine; to wind; to pester; to bother
7-9,铲,chǎn,to level off; to root up; to shovel; to remove; spade; shovel
7-9,产权,chǎnquán,property right
7-9,阐释,chǎnshì,to interpret; to expound
7-9,阐述,chǎnshù,to expound (a position); to elaborate (on a topic); to treat (a subject)
7-9,产物,chǎnwù,product; result (of)
7-9,产业链,chǎnyèliàn,industry chain; industrial chain
7-9,产值,chǎnzhí,value of output; output value
7-9,猖狂,chāngkuáng,savage; furious
7-9,昌盛,chāngshèng,prosperous
7-9,偿还,chánghuán,to repay; to reimburse
7-9,常理,chánglǐ,common sense; usual practice
7-9,长期以来,chángqī yǐlái,for a long time
7-9,长效,chángxiào,to be effective over an extended period
7-9,长征,chángzhēng,Long March (retreat of the Red Army 1934-1935); expedition; long journey
7-9,长足,chángzú,"remarkable (progress, improvement, expansion etc)"
7-9,敞开,chǎngkāi,to open wide; unrestrictedly
7-9,倡导,chàngdǎo,to advocate; to initiate; to propose; to be a proponent of (an idea or school of thought)
7-9,唱片,chàngpiàn,gramophone record; LP; music CD; musical album
7-9,畅谈,chàngtán,to talk freely; to discuss without inhibition
7-9,倡议,chàngyì,to suggest; to initiate; proposal; initiative
7-9,超标,chāobiāo,to cross the limit; to be over the accepted norm; excessive
7-9,钞票,chāopiào,paper money; a bill (e.g. 100 yuan)
7-9,抄袭,chāoxí,to plagiarize; to copy; to attack the flank or rear of an enemy
7-9,潮,cháo,tide; damp; moist; humid; fashionable; trendy; (coll.) inferior; substandard
7-9,嘲弄,cháonòng,to mock; to ridicule
7-9,潮水,cháoshuǐ,tidewater; tide
7-9,巢穴,cháoxué,nest; den; hideout
7-9,炒作,chǎozuò,to hype; to promote (in the media)
7-9,车间,chējiān,workshop
7-9,撤,chè,to remove; to take away
7-9,撤离,chèlí,to withdraw from; to evacuate
7-9,撤退,chètuì,to retreat
7-9,彻夜,chèyè,the whole night
7-9,沉淀,chéndiàn,to settle; to precipitate; sedimentation
7-9,沉浸,chénjìn,to soak; to permeate; to immerse
7-9,陈旧,chénjiù,old-fashioned
7-9,陈列,chénliè,to display; to exhibit
7-9,沉闷,chénmèn,oppressive (of weather); heavy; depressed; not happy; (of sound) dull; muffled
7-9,沉迷,chénmí,to be engrossed; to be absorbed with; to lose oneself in; to be addicted to
7-9,陈述,chénshù,to state; to expound
7-9,沉睡,chénshuì,deep sleep
7-9,沉稳,chénwěn,steady; calm; unflustered
7-9,沉着,chénzhuó,steady; calm and collected; not nervous
7-9,趁机,chènjī,to seize an opportunity; to take advantage of situation
7-9,衬托,chèntuō,to set off; to act as a foil to
7-9,承包,chéngbāo,to contract; to undertake (a job)
7-9,成才,chéngcái,to make sth of oneself; to become a person who is worthy of respect
7-9,成家,chéngjiā,to settle down and get married (of a man); to become a recognized expert
7-9,承接,chéngjiē,to accept; to take over (a contract, etc.)
7-9,诚恳,chéngkěn,sincere; honest; cordial
7-9,成年,chéngnián,to grow to adulthood; fully grown; adult; the whole year
7-9,成品,chéngpǐn,finished goods; a finished product
7-9,城墙,chéngqiáng,city wall
7-9,澄清,chéngqīng,clear (of liquid); limpid; to clarify; to make sth clear; to be clear (about the facts)
7-9,成天,chéngtiān,(coll.) all day long; all the time
7-9,成心,chéngxīn,deliberately; intentionally; on purpose
7-9,成型,chéngxíng,to become shaped; to become formed
7-9,诚意,chéngyì,sincerity; good faith
7-9,承载,chéngzài,to bear the weight; to sustain
7-9,诚挚,chéngzhì,sincere; cordial
7-9,秤,chèng,steelyard; Roman balance
7-9,痴呆,chīdāi,imbecility; dementia
7-9,吃苦,chīkǔ,to bear hardships
7-9,吃亏,chīkuī,to suffer losses; to come to grief; to lose out; to get the worst of it; to be at a disadvantage; unfortunately
7-9,吃力,chīlì,to entail strenuous effort; to toil at a task; strenuous; laborious; strain
7-9,痴迷,chīmí,infatuated; obsessed
7-9,痴心,chīxīn,infatuation
7-9,持,chí,to hold; to grasp; to support; to maintain; to persevere; to manage; to run (i.e. administer); to control
7-9,迟迟,chíchí,late (with a task etc); slow
7-9,迟钝,chídùn,slow-witted; sluggish; dull
7-9,迟缓,chíhuǎn,slow
7-9,驰名,chímíng,famous
7-9,池塘,chítáng,pool; pond
7-9,迟疑,chíyí,to hesitate
7-9,迟早,chízǎo,sooner or later
7-9,尺度,chǐdù,scale; yardstick
7-9,赤道,chìdào,equator (of the earth or a celestial body); celestial equator
7-9,赤字,chìzì,(financial) deficit; red letter
7-9,充,chōng,sufficient; full; to fill; to serve as; to act as; to act falsely as; to pose as
7-9,充斥,chōngchì,to be full of; to be stuffed with
7-9,冲刺,chōngcì,(sports) to sprint; to spurt; to dash; to put in a big effort to achieve a goal as the deadline approaches
7-9,充当,chōngdāng,to serve as; to act as; to play the role of
7-9,憧憬,chōngjǐng,yearn for; long for; look forward to
7-9,冲浪,chōnglàng,to surf; surfing
7-9,充沛,chōngpèi,abundant; plentiful; vigorous
7-9,冲洗,chōngxǐ,to rinse; to wash; to develop (photographic film)
7-9,冲撞,chōngzhuàng,to collide; jerking motion; to impinge; to offend; to provoke
7-9,重重,chóngchóng,repeatedly; layers upon layers
7-9,重叠,chóngdié,to overlap; to superimpose
7-9,重返,chóngfǎn,to return to
7-9,崇高,chónggāo,majestic; sublime
7-9,重合,chónghé,to match up; to coincide
7-9,崇敬,chóngjìng,to revere; to venerate; high esteem
7-9,重申,chóngshēn,to reaffirm; to reiterate
7-9,重现,chóngxiàn,to reappear
7-9,重组,chóngzǔ,to reorganize; to recombine; to restructure
7-9,宠,chǒng,to love; to pamper; to spoil; to favor
7-9,宠爱,chǒng’ài,to dote on sb
7-9,抽查,chōuchá,to check; to inspect randomly
7-9,抽签,chōuqiān,to perform divination with sticks; to draw lots; a ballot (in share dealing)
7-9,抽屉,chōuti,drawer
7-9,抽样,chōuyàng,to sample
7-9,仇,chóu,"hatred; animosity; enmity; foe; enemy; to feel animosity toward (the wealthy, foreigners etc); variant of 仇"
7-9,稠,chóu,dense; crowded; thick; many
7-9,筹,chóu,to raise money; to collect (funds)
7-9,筹办,chóubàn,to arrange; to make preparations
7-9,仇恨,chóuhèn,to hate; hatred; enmity; hostility
7-9,筹划,chóuhuà,to plan and prepare
7-9,筹集,chóují,to collect money; to raise funds
7-9,筹码,chóumǎ,chip; counter
7-9,瞅,chǒu,(dialect) to look at; old variant of 瞅
7-9,丑恶,chǒu’è,ugly; repulsive
7-9,丑陋,chǒulòu,ugly
7-9,丑闻,chǒuwén,scandal
7-9,出厂,chūchǎng,to leave the factory (of finished goods)
7-9,出丑,chūchǒu,shameful; scandalous; to be humiliated; to make a fool of sb or oneself; to make sb lose face
7-9,出动,chūdòng,to start out on a trip; to dispatch troops
7-9,出发点,chūfādiǎn,starting point; (fig.) basis; motive
7-9,出访,chūfǎng,to go and visit in an official capacity or for investigation
7-9,出局,chūjú,(of a batter) to be put out (in baseball); to be dismissed (in cricket); (of a player or team) to be eliminated from a competition; (fig.) to be weeded out; to get the chop (in a competitive environment)
7-9,出路,chūlù,a way out (lit. and fig.); opportunity for advancement; a way forward; outlet (for one's products)
7-9,出卖,chūmài,to sell; to market
7-9,出面,chūmiàn,to appear personally; to step in; to step forth; to show up
7-9,出任,chūrèn,to take up a post; to start in a new job
7-9,出人意料,chūrényìliào,unexpected (idiom); surprising
7-9,出神,chūshén,spellbound; entranced; lost in thought
7-9,出手,chūshǒu,to dispose of; to spend (money); to undertake a task
7-9,出台,chūtái,"to officially launch (a policy, program etc); to appear on stage; to appear publicly; (of a bar girl) to leave with a client"
7-9,出头,chūtóu,to get out of a predicament; to stick out; to take the initiative; remaining odd fraction after a division; a little more than
7-9,出土,chūtǔ,to dig up; to appear in an excavation; unearthed; to come up out of the ground
7-9,出息,chūxi,future prospects; profit; to mature; to grow up
7-9,出征,chūzhēng,to set out on a military expedition
7-9,出众,chūzhòng,to stand out; outstanding
7-9,初衷,chūzhōng,original intention
7-9,出资,chūzī,to fund; to put money into sth; to invest
7-9,出走,chūzǒu,to leave home; to go off; to run away
7-9,锄,chú,to hoe
7-9,橱窗,chúchuāng,shop window
7-9,除去,chúqù,to eliminate; to remove; except for; apart from
7-9,储备,chǔbèi,reserves; to store up
7-9,处方,chǔfāng,medical prescription; to write out a prescription; (fig.) recommendation; advice
7-9,处分,chǔfèn,to discipline sb; to punish; disciplinary action; to deal with (a matter)
7-9,处境,chǔjìng,plight; unfavourable situation
7-9,储量,chǔliàng,reserves; stock (of mineral ore, etc.); stored capacity
7-9,触动,chùdòng,to touch; to stir up (trouble or emotions); to move (sb's emotions or worry)
7-9,触犯,chùfàn,to violate; to offend
7-9,触觉,chùjué,sense of touch; tactile sensation
7-9,矗立,chùlì,to stand tall
7-9,触摸,chùmō,to touch
7-9,揣,chuāi,"to put into (one's pockets, clothes); Taiwan pr. [chuǎi]"
7-9,揣测,chuǎicè,to guess; to conjecture
7-9,揣摩,chuǎimó,to analyze; to try to figure out; to try to fathom
7-9,踹,chuài,to kick; to trample; to tread on
7-9,穿梭,chuānsuō,to shuttle
7-9,穿越,chuānyuè,to pass through; to traverse; to cross
7-9,穿着,chuānzhuó,wearing; clothes
7-9,船舶,chuánbó,shipping; boats
7-9,传单,chuándān,leaflet; flier; pamphlet
7-9,传媒,chuánméi,media
7-9,传奇,chuánqí,legendary; fantasy saga; romance; short stories of the Tang and Song Dynasty
7-9,传闻,chuánwén,rumor
7-9,传言,chuányán,rumor; hearsay
7-9,喘,chuǎn,to gasp; to pant; asthma
7-9,喘息,chuǎnxī,to gasp for breath; to take a breather
7-9,串门,chuànmén,to call on sb; to drop in; to visit sb's home
7-9,窗帘,chuānglián,window curtains
7-9,创伤,chuāngshāng,wound; injury; trauma
7-9,床位,chuángwèi,"bed (in hospital, hotel, train etc); berth; bunk"
7-9,创,chuàng,variant of 创; to begin; to initiate; to inaugurate; to start; to create
7-9,创始人,chuàngshǐrén,creator; founder; initiator
7-9,吹牛,chuīniú,to talk big; to shoot off one's mouth; to chat (dialect)
7-9,吹捧,chuīpěng,to flatter; to adulate
7-9,炊烟,chuīyān,smoke from kitchen chimneys
7-9,捶,chuí,to beat (with a stick or one's fist); to thump; to pound; variant of 捶
7-9,锤,chuí,hammer; to hammer into shape; weight (e.g. of a steelyard or balance); to strike with a hammer; variant of 锤
7-9,纯粹,chúncuì,pure; unadulterated
7-9,醇厚,chúnhòu,mellow and rich; simple and kind
7-9,淳朴,chúnpǔ,unsophisticated; simple and honest; naive
7-9,蠢,chǔn,variant of 蠢; stupid; sluggish; clumsy; to wiggle (of worms); to move in a disorderly fashion
7-9,戳,chuō,to jab; to poke; to stab; (coll.) to sprain; to blunt; to fuck (vulgar); to stand; to stand (sth) upright; stamp; seal
7-9,绰号,chuòhào,nickname
7-9,辞,cí,old variant of 辞; to resign; to dismiss; to decline; to take leave; ballad (archaic poetic genre); variant of 词
7-9,辞呈,cíchéng,(written) resignation
7-9,磁带,cídài,magnetic tape
7-9,辞典,cídiǎn,dictionary (variant of 词典)
7-9,慈善,císhàn,benevolent; charitable
7-9,磁铁,cítiě,magnet
7-9,慈祥,cíxiáng,kindly; benevolent (often of older person)
7-9,雌性,cíxìng,female (sex)
7-9,此致,cǐzhì,(used at the end of a letter to introduce a polite salutation)
7-9,赐,cì,to confer; to bestow; to grant; Taiwan pr. [sì]
7-9,刺耳,cì’ěr,ear-piercing
7-9,刺骨,cìgǔ,piercing; cutting; bone-chilling; penetrating (cold)
7-9,赐教,cìjiào,(honorific) to impart one's wisdom; to enlighten
7-9,次品,cìpǐn,substandard products; defective; seconds
7-9,次日,cìrì,next day; the morrow
7-9,刺绣,cìxiù,to embroider; embroidery
7-9,次序,cìxù,sequence; order
7-9,刺眼,cìyǎn,to dazzle; to glare
7-9,次要,cìyào,secondary
7-9,葱,cōng,scallion; green onion
7-9,丛,cóng,cluster; collection; collection of books; thicket
7-9,丛林,cónglín,jungle; thicket; forest; Buddhist monastery
7-9,从容,cóngróng,to go easy; unhurried; calm; Taiwan pr. [cōng róng]
7-9,从头,cóngtóu,anew; from the start
7-9,凑合,còuhe,to bring together; to make do in a bad situation; to just get by; to improvise; passable; not too bad
7-9,凑巧,còuqiǎo,fortuitously; luckily; as chance has it
7-9,粗暴,cūbào,rough; cruel
7-9,粗糙,cūcāo,rough; crude (in one's manner); boorish
7-9,粗鲁,cūlǔ,coarse; crude (in one's manner); boorish
7-9,促成,cùchéng,to facilitate; to effect
7-9,簇拥,cùyōng,to crowd around; to escort
7-9,窜,cuàn,to flee; to scuttle; to exile or banish; to amend or edit
7-9,摧残,cuīcán,to ravage; to ruin
7-9,催促,cuīcù,to urge
7-9,摧毁,cuīhuǐ,to destroy; to wreck
7-9,催眠,cuīmián,hypnosis
7-9,璀璨,cuǐcàn,sparkling; brilliant
7-9,翠绿,cuìlǜ,greenish-blue; emerald green
7-9,存活,cúnhuó,survive
7-9,存心,cúnxīn,deliberately
7-9,存折,cúnzhé,passbook; bankbook
7-9,搓,cuō,to rub; to chafe; to roll (dough)
7-9,磋商,cuōshāng,to consult; to discuss seriously; to negotiate; to confer; negotiations; consultations
7-9,挫败,cuòbài,to defeat; to thwart
7-9,错别字,cuòbiézì,incorrectly written or mispronounced characters
7-9,错觉,cuòjué,misconception; illusion; misperception
7-9,错位,cuòwèi,to be wrongly positioned; to be dislocated; to be misplaced; (medicine) to be in malposition; (fig.) erroneous; eccentric
7-9,搭乘,dāchéng,"to ride as a passenger; to travel by (car, plane etc)"
7-9,搭档,dādàng,to cooperate; partner
7-9,搭建,dājiàn,to build (esp. with simple materials); to knock together (a temporary shed); to rig up
7-9,答辩,dábiàn,to reply (to an accusation); to defend one's dissertation
7-9,达标,dábiāo,to reach a set standard
7-9,打,dǎ,to beat; to strike; to hit; to break; to type; to mix up; to build; to fight; to fetch; to make; to tie up; to issue; to shoot; to calculate; to play (a game); since; from
7-9,打岔,dǎchà,interruption; to interrupt (esp. talk); to change the subject
7-9,打倒,dǎdǎo,overthrow
7-9,打赌,dǎdǔ,bet
7-9,打发,dǎfa,to dispatch sb to do sth; to make sb leave; to pass (the time); (old) to make arrangements; (old) to bestow (alms etc)
7-9,打搅,dǎjiǎo,to disturb; to trouble; to bother
7-9,打捞,dǎlāo,to salvage; to dredge; to fish out (person or object from the sea)
7-9,打量,dǎliang,to appraise; to size up
7-9,打猎,dǎliè,to go hunting
7-9,大不了,dàbuliǎo,at worst; if worst comes to worst; (usu. in the negative) serious; alarming
7-9,大大咧咧,dàdaliēliē,carefree; offhand; casual
7-9,大纲,dàgāng,synopsis; outline; program; leading principles
7-9,大局,dàjú,overall situation; the big picture
7-9,大陆,dàlù,mainland China (reference to the PRC); continent; mainland
7-9,大片,dàpiàn,wide expanse; large area; vast stretch; extending widely; blockbuster movie
7-9,大数据,dàshùjù,big data (computing)
7-9,大肆,dàsì,wantonly; without restraint (of enemy or malefactor); unbridled
7-9,大体,dàtǐ,general idea; rough outline; in general; roughly
7-9,大为,dàwéi,greatly; very much
7-9,大雁,dàyàn,wild goose
7-9,大意,dàyi,careless
7-9,大宗,dàzōng,large amount; staple; influential family of long standing
7-9,逮,dǎi,(coll.) to catch; to seize
7-9,歹徒,dǎitú,evildoer; malefactor; gangster; hoodlum
7-9,逮捕,dàibǔ,to arrest; to apprehend; an arrest
7-9,带队,dàiduì,to lead a team; to lead a group; group leader; (tourism) tour guide
7-9,怠工,dàigōng,to slacken off in one's work; to go slow (as a form of strike)
7-9,代号,dàihào,code name
7-9,代理人,dàilǐrén,agent
7-9,带路,dàilù,to lead the way; to guide; to show the way; (fig.) to instruct
7-9,怠慢,dàimàn,to slight; to neglect
7-9,带头,dàitóu,to take the lead; to be the first
7-9,代言,dàiyán,spokesperson; to speak on behalf of sb
7-9,担保,dānbǎo,to guarantee; to vouch for
7-9,单边,dānbiān,unilateral
7-9,单薄,dānbó,weak; frail; thin; flimsy
7-9,担当,dāndāng,to bear; to assume; responsibility
7-9,单方面,dānfāngmiàn,unilateral
7-9,单价,dānjià,unit price
7-9,单身,dānshēn,unmarried; single
7-9,胆量,dǎnliàng,courage; guts
7-9,胆怯,dǎnqiè,timidity; timid; cowardly
7-9,胆小鬼,dǎnxiǎoguǐ,coward
7-9,担,dàn,"picul (100 catties, 50 kg); two buckets full; carrying pole and its load; classifier for loads carried on a shoulder pole"
7-9,诞辰,dànchén,birthday
7-9,淡化,dànhuà,to water down; to play down; to trivialize; to weaken; to become dull with time; to desalinate; desalination
7-9,淡季,dànjì,off season; slow business season; see also 季
7-9,淡水,dànshuǐ,"Tamsui or Danshui, district of New Taipei City 市, Taiwan; potable water (water with low salt content); fresh water"
7-9,担子,dànzi,carrying pole and the loads on it; burden; task; responsibility
7-9,当即,dāngjí,at once; on the spot
7-9,当日,dāngrì,on that day
7-9,当事人,dāngshìrén,persons involved or implicated; party (to an affair)
7-9,当务之急,dāngwùzhījí,top priority job; matter of vital importance
7-9,当心,dāngxīn,to take care; to look out
7-9,当众,dāngzhòng,in public; in front of everybody
7-9,党,dǎng,surname Dang; party; association; club; society
7-9,档次,dàngcì,grade; class; quality; level
7-9,当晚,dàngwǎn,the same evening
7-9,荡漾,dàngyàng,to ripple; to undulate; also written 荡漾
7-9,当真,dàngzhēn,"to take seriously; serious; No joking, really!"
7-9,导弹,dǎodàn,(guided) missile
7-9,导航,dǎoháng,navigation
7-9,导火索,dǎohuǒsuǒ,fuse (for explosive)
7-9,捣乱,dǎoluàn,to disturb; to look for trouble; to stir up a row; to bother sb intentionally
7-9,倒霉,dǎoméi,to have bad luck; to be out of luck
7-9,倒塌,dǎotā,collapse
7-9,导向,dǎoxiàng,to be oriented towards; orientation
7-9,盗,dào,to steal; to rob; to plunder; thief; bandit; robber
7-9,盗版,dàobǎn,pirated; illegal; see also 版
7-9,道别,dàobié,farewell
7-9,稻草,dàocǎo,straw
7-9,倒计时,dàojìshí,to count down; countdown
7-9,盗窃,dàoqiè,to steal
7-9,倒数,dàoshǔ,to count backwards (from 10 down to 0); to count down; from the bottom (lines on a page); from the back (rows of seats)
7-9,到头来,dàotóulái,in the end; finally; as a result
7-9,倒退,dàotuì,retreat; fall back
7-9,到位,dàowèi,to get to the intended location; to be in place; to be in position; precise; well (done)
7-9,得当,dédàng,appropriate; suitable
7-9,得力,délì,able; capable; competent; efficient
7-9,得失,déshī,gains and losses; success and failure; merits and demerits
7-9,得体,détǐ,appropriate to the occasion; fitting
7-9,得益,déyì,to benefit from
7-9,得罪,dézuì,to commit an offense; to violate the law; excuse me! (formal); see also 罪
7-9,蹬,dēng,to step on; to tread on; to wear (shoes); (slang) to dump (sb); Taiwan pr. [dèng]
7-9,登顶,dēngdǐng,to reach the summit
7-9,登陆,dēnglù,to land; to come ashore; to make landfall (of typhoon etc); to log in (frequently used erroneous variant of 登录)
7-9,灯泡,dēngpào,light bulb; see also 电灯泡; third-wheel or unwanted third party spoiling a couple's date (slang)
7-9,瞪,dèng,to open (one's eyes) wide; to stare at; to glare at
7-9,凳子,dèngzi,stool; small seat
7-9,堤,dī,dike; Taiwan pr. [tí]; variant of 堤
7-9,堤坝,dībà,dam; dike
7-9,低调,dīdiào,low pitch; quiet (voice); subdued; low-key; low-profile
7-9,提防,dīfang,to guard against; to be vigilant; watch you don't (slip); Taiwan pr. [tí fáng]
7-9,低谷,dīgǔ,valley; trough (as opposed to peaks); fig. low point; lowest ebb; nadir of one's fortunes
7-9,低估,dīgū,to underestimate; to underrate
7-9,低落,dīluò,to drop; to fall; depressed; dispirited; low spirits
7-9,低迷,dīmí,blurred (landscape etc); low (spirits); in a slump (economy)
7-9,嘀咕,dígu,to mutter; to grumble
7-9,敌视,díshì,hostile; malevolence; antagonism; to view as enemy; to stand against
7-9,笛子,dízi,bamboo flute
7-9,抵,dǐ,to resist; to withstand; to push; to press against; to hold one's ground; to arrive at; just before; to equal; to amount to
7-9,底层,dǐcéng,ground or first floor; bottom (of a pile); lowest rung (of society)
7-9,底线,dǐxiàn,bottom line; the limit of what one is prepared to accept; (sports) baseline; (sewing) under thread; spy; informer; plant
7-9,抵消,dǐxiāo,to counteract; to cancel out; to offset
7-9,抵押,dǐyā,to provide (an asset) as security for a loan; to put up collateral
7-9,抵御,dǐyù,to resist; to withstand
7-9,底蕴,dǐyùn,inside information; concrete details
7-9,抵制,dǐzhì,to resist; to boycott; to refuse (to cooperate); to reject; resistance; refusal
7-9,底子,dǐzi,base; foundation; bottom
7-9,地板,dìbǎn,floor
7-9,地步,dìbù,stage; degree (to which a situation has evolved); situation; leeway
7-9,地带,dìdài,zone
7-9,地段,dìduàn,section; district
7-9,帝国,dìguó,empire; imperial
7-9,递交,dìjiāo,to submit; to hand in; to hand over
7-9,地势,dìshì,terrain; topography relief
7-9,地毯,dìtǎn,carpet; rug
7-9,地下水,dìxiàshuǐ,groundwater
7-9,第一手,dìyīshǒu,first-hand
7-9,递增,dìzēng,to increase by degrees; in increasing order; incremental; progressive
7-9,弟子,dìzǐ,disciple; follower
7-9,颠簸,diānbǒ,"to be jolted around (car on a bumpy road, boat on a rough sea, aircraft experiencing turbulence); (fig.) to undergo a rough experience"
7-9,颠倒,diāndǎo,to turn upside down; to reverse; back to front; confused; deranged; crazy
7-9,巅峰,diānfēng,summit; apex; pinnacle (of one's career etc); peak (of a civilization etc)
7-9,颠覆,diānfù,"to topple (i.e. knock over); to capsize; fig. to overturn (a regime, by plotting or subversion); to undermine; to subvert"
7-9,典范,diǎnfàn,model; example; paragon
7-9,点火,diǎnhuǒ,to ignite; to light a fire; to agitate; to start an engine; ignition; fig. to stir up trouble
7-9,点评,diǎnpíng,to comment; a point by point commentary
7-9,点缀,diǎnzhuì,to decorate; to adorn; sprinkled; studded; only for show
7-9,点子,diǎnzi,point; idea; intelligence; spot; dot; (of a person) apt; clever; sharp
7-9,垫,diàn,pad; cushion; mat; to pad out; to fill a gap; to pay for sb; to advance (money)
7-9,奠定,diàndìng,to establish; to fix; to settle
7-9,淀粉,diànfěn,starch; amylum (C6H10O5)n
7-9,惦记,diànjì,to think of; to keep thinking about; to be concerned about
7-9,电台,diàntái,radio station
7-9,殿堂,diàntáng,palace; hall; temple buildings
7-9,电信,diànxìn,telecommunications
7-9,电讯,diànxùn,telecommunications; telecom
7-9,垫子,diànzi,cushion; mat; pad
7-9,叼,diāo,to hold with one's mouth (as a smoker with a cigarette or a dog with a bone)
7-9,雕,diāo,"variant of 雕, to engrave; to carve; to engrave; shrewd; bird of prey"
7-9,雕刻,diāokè,to carve; to engrave; carving
7-9,刁难,diāonàn,to be hard on sb; to deliberately make things difficult; Taiwan pr. [diāo nán]
7-9,雕塑,diāosù,a statue; a Buddhist image; sculpture; to carve
7-9,雕像,diāoxiàng,statue
7-9,凋谢,diāoxiè,wither (of flowers)
7-9,调度,diàodù,"to dispatch (vehicles, staff etc); to schedule; to manage; dispatcher; scheduler"
7-9,掉队,diàoduì,to fall behind; to drop out
7-9,掉头,diàotóu,turn around
7-9,吊销,diàoxiāo,to suspend (an agreement); to revoke
7-9,爹,diē,dad
7-9,跌幅,diēfú,decline; fall
7-9,叠,dié,variant of 叠; to fold; to fold over in layers; to furl; to layer; to pile up; to repeat; to duplicate
7-9,迭起,diéqǐ,continuously arising; to arise repeatedly
7-9,丁,dīng,"surname Ding; male adult; the 4th of the 10 Heavenly Stems 干; fourth (used like ""4"" or ""D""); small cube of meat or vegetable; (literary) to encounter; (archaic) ancient Chinese compass point: 195°; (chemistry) butyl"
7-9,盯,dīng,to watch attentively; to fix one's attention on; to stare at; to gaze at
7-9,叮嘱,dīngzhǔ,to warn repeatedly; to urge; to exhort again and again
7-9,钉子,dīngzi,nail; snag; saboteur
7-9,顶多,dǐngduō,at most; at best
7-9,顶级,dǐngjí,top-notch; first-rate
7-9,顶尖,dǐngjiān,peak; apex; world best; number one; finest (competitors); top (figures in a certain field)
7-9,钉,dìng,to join things together by fixing them in place at one or more points; to nail; to pin; to staple; to sew on
7-9,订购,dìnggòu,to place an order; to subscribe
7-9,定金,dìngjīn,down payment; advance payment
7-9,定居,dìngjū,settle down (in a place)
7-9,订立,dìnglì,"to conclude (treaty, contract, agreement etc); to set up (a rule etc)"
7-9,定论,dìnglùn,final conclusion; accepted argument
7-9,定向,dìngxiàng,to orientate; directional; directed; orienteering
7-9,定心丸,dìngxīnwán,tranquilizer; sth that sets one's mind at ease
7-9,订阅,dìngyuè,subscribe
7-9,定做,dìngzuò,to have something made to order
7-9,丢人,diūrén,to lose face
7-9,东道主,dōngdàozhǔ,host; official host (e.g. venue for games or a conference)
7-9,董事,dǒngshì,board member
7-9,懂事,dǒngshì,to grow beyond the naivete of childhood; to be aware of what is going on in the world; (esp. of a child) sensible; thoughtful; intelligent
7-9,董事会,dǒngshìhuì,board of directors
7-9,董事长,dǒngshìzhǎng,chairman of the board of directors
7-9,动不动,dòngbudòng,"(typically followed by 就) apt to (lose one's temper, catch a cold etc); at the drop of a hat"
7-9,动感,dònggǎn,sense of movement (often in a static work of art); dynamic; vivid; lifelike
7-9,动工,dònggōng,to start (a building project)
7-9,冻结,dòngjié,freeze
7-9,动静,dòngjing,(detectable) movement; (sign of) activity; movement and stillness
7-9,栋梁,dòngliáng,ridgepole; ridgepole and beams; person able to bear heavy responsibility; mainstay (of organization); pillar (of state)
7-9,动脉,dòngmài,artery
7-9,动身,dòngshēn,to go on a journey; to leave
7-9,动向,dòngxiàng,trend; tendency
7-9,洞穴,dòngxué,cave; cavern
7-9,动摇,dòngyáo,to sway; to waver; to rock; to rattle; to destabilize; to pose a challenge to
7-9,动用,dòngyòng,to utilize; to put sth to use
7-9,动员,dòngyuán,to mobilize; mobilization
7-9,兜,dōu,pocket; bag; to wrap up or hold in a bag; to move in a circle; to canvas or solicit; to take responsibility for; to disclose in detail; combat armor (old); old variant of 兜
7-9,兜售,dōushòu,to hawk; to peddle
7-9,抖,dǒu,to tremble; to shake out; to reveal; to make it in the world
7-9,陡,dǒu,steep; precipitous; abrubtly; suddenly; unexpectedly
7-9,陡峭,dǒuqiào,precipitous
7-9,斗,dòu,to fight; to struggle; to condemn; to censure; to contend; to put together; coming together; variant of 斗
7-9,逗留,dòuliú,stay
7-9,斗志,dòuzhì,will to fight; fighting spirit
7-9,督促,dūcù,to supervise and urge completion of a task; to urge on
7-9,都会,dūhuì,city; metropolis
7-9,独,dú,alone; independent; single; sole; only
7-9,独家,dújiā,exclusive
7-9,毒品,dúpǐn,drugs; narcotics; poison
7-9,赌,dǔ,to bet; to gamble
7-9,赌博,dǔbó,to gamble
7-9,堵塞,dǔsè,to clog up; blockage
7-9,杜绝,dùjué,to put an end to
7-9,端正,duānzhèng,upright; regular; proper; correct
7-9,短暂,duǎnzàn,of short duration; brief; momentary
7-9,断定,duàndìng,to conclude; to determine; to come to a judgment
7-9,断断续续,duànduànxùxù,intermittent; off and on; discontinuous; stop-go; stammering; disjointed; inarticulate
7-9,断绝,duànjué,to sever; to break off
7-9,段落,duànluò,phase; time interval; paragraph; (written) passage
7-9,断然,duànrán,emphatic; firm
7-9,堆积,duījī,to pile up; to heap; accumulation
7-9,堆砌,duīqì,lit. to pile up (bricks); to pack; fig. to pad out (writing with fancy phrases); ornate rhetoric
7-9,兑,duì,exchange; convert
7-9,对岸,duì’àn,opposite bank (of river etc); the other shore
7-9,对策,duìcè,countermeasure for dealing with a situation
7-9,对得起,duìdeqǐ,not to let sb down; to treat sb fairly; be worthy of
7-9,对付,duìfu,to handle; to deal with; to tackle; to get by with; to make do; (dialect) (usu. used in the negative) to get along with (sb)
7-9,兑换,duìhuàn,to convert; to exchange
7-9,对联,duìlián,rhyming couplet; pair of lines of verse written vertically down the sides of a doorway
7-9,对流,duìliú,convection
7-9,兑现,duìxiàn,(of a check etc) to cash; to honor a commitment
7-9,队形,duìxíng,formation
7-9,对弈,duìyì,"to play go, chess etc"
7-9,对照,duìzhào,to contrast; to compare; to place side by side for comparison (as parallel texts); to check
7-9,对峙,duìzhì,to stand opposite; to confront; confrontation
7-9,敦厚,dūnhòu,genuine; honest and sincere
7-9,炖,dùn,to stew
7-9,多半,duōbàn,for the most part; more often than not; probably
7-9,多边,duōbiān,multilateral
7-9,夺冠,duóguàn,to seize the crown; fig. to win a championship; to win gold medal
7-9,夺魁,duókuí,to seize; to win
7-9,堕落,duòluò,to degrade; to degenerate; to become depraved; corrupt; a fall from grace
7-9,鹅,é,variant of 鹅; goose
7-9,额度,édù,quota
7-9,额外,éwài,extra; added; additional
7-9,讹诈,ézhà,to extort under false pretenses; to blackmail; to bluff; to defraud
7-9,恶,è,evil; fierce; vicious; ugly; coarse; to harm
7-9,噩耗,èhào,bad news; sad news of a death
7-9,恶化,èhuà,to worsen
7-9,恶意,èyì,malice; evil intention
7-9,鳄鱼,èyú,alligator; crocodile
7-9,厄运,èyùn,misfortune; calamity
7-9,遏制,èzhì,to check; to contain; to hold back; to keep within limits; to constrain; to restrain
7-9,恶作剧,èzuòjù,prank; practical joke
7-9,恩爱,ēn’ài,endearment; mutual love and affection (of spouses etc.)
7-9,恩情,ēnqíng,kindness; affection; grace; favor
7-9,恩怨,ēnyuàn,gratitude and grudges; resentment; grudges; grievances
7-9,而已,éryǐ,that's all; nothing more
7-9,耳光,ěrguāng,a slap on the face
7-9,发财,fācái,to get rich
7-9,发呆,fādāi,to stare blankly; to be stunned; to be lost in thought
7-9,发抖,fādǒu,to tremble; to shake; to shiver
7-9,发火,fāhuǒ,to catch fire; to ignite; to detonate; to get angry
7-9,发酵,fājiào,"to ferment; (fig.) (of trends, emotions or repercussions etc) to bubble away; to simmer; to develop"
7-9,发觉,fājué,to become aware; to detect; to realize; to perceive
7-9,发掘,fājué,excavate; unearth
7-9,发愣,fālèng,to stare blankly; to be in a daze
7-9,发热,fārè,to have a high temperature; feverish; unable to think calmly; to emit heat
7-9,发射,fāshè,to shoot (a projectile); to fire (a rocket); to launch; to emit (a particle); to discharge; emanation; emission
7-9,发誓,fāshì,to vow; to pledge; to swear
7-9,发泄,fāxiè,vent; give outlet to; indulge
7-9,发芽,fāyá,sprout
7-9,发言人,fāyánrén,spokesperson
7-9,发源,fāyuán,originate from
7-9,发源地,fāyuándì,place of origin; birthplace; source
7-9,发作,fāzuò,to flare up; to break out
7-9,乏力,fálì,lack of strength; fatigue
7-9,阀门,fámén,valve (mechanical)
7-9,法人,fǎrén,legal person; corporation; see also 人
7-9,法庭,fǎtíng,court of law
7-9,法则,fǎzé,law; rule
7-9,法制,fǎzhì,legal system and institutions; made in France
7-9,发型,fàxíng,hairstyle; coiffure; hairdo
7-9,帆,fān,"variant of 帆; sail; Taiwan pr. [fán], except 布 canvas; to gallop; Taiwan pr. [fán]"
7-9,帆船,fānchuán,sailboat; sailing boat
7-9,翻番,fānfān,to double; to increase by a certain number of times
7-9,翻身,fānshēn,turn over; turn around; throw off oppressors; change one's status
7-9,繁多,fánduō,too many; numerous
7-9,繁华,fánhuá,flourishing; bustling
7-9,烦闷,fánmèn,moody; gloomy
7-9,繁体字,fántǐzì,traditional Chinese character
7-9,繁衍,fányǎn,multiply; propagate
7-9,繁杂,fánzá,numerous; miscellaneous; complicated
7-9,烦躁,fánzào,jittery; twitchy; fidgety
7-9,繁重,fánzhòng,heavy; burdensome; heavy-duty; arduous; onerous
7-9,反驳,fǎnbó,to retort; to refute
7-9,反差,fǎnchā,contrast; discrepancy
7-9,反常,fǎncháng,unusual; abnormal
7-9,反倒,fǎndào,on the contrary; unexpectedly
7-9,反感,fǎngǎn,to be disgusted with; to dislike; bad reaction; antipathy
7-9,反击,fǎnjī,to strike back; to beat back; to counterattack
7-9,反抗,fǎnkàng,to resist; to rebel
7-9,反面,fǎnmiàn,reverse side; backside; the other side (of a problem etc); negative; bad
7-9,反射,fǎnshè,reflection; to reflect
7-9,反弹,fǎntán,to bounce; to bounce back; to boomerang; to ricochet; rebound (of stock market etc); bounce; backlash; negative repercussions
7-9,反省,fǎnxǐng,to reflect upon oneself; to examine one's conscience; to question oneself; to search one's soul
7-9,反之,fǎnzhī,on the other hand...; conversely...
7-9,犯愁,fànchóu,to worry; to be anxious
7-9,范畴,fànchóu,category
7-9,犯规,fànguī,to break the rules; an illegality; a foul
7-9,泛滥,fànlàn,to be in flood; to overflow (the banks); to inundate; to spread unchecked
7-9,贩卖,fànmài,to sell; to peddle; to traffic
7-9,饭碗,fànwǎn,rice bowl; fig. livelihood; job; way of making a living
7-9,犯罪,fànzuì,to commit a crime; crime; offense
7-9,方向盘,fāngxiàngpán,steering wheel
7-9,方针,fāngzhēn,policy; guidelines
7-9,防盗,fángdào,to guard against theft; anti-theft
7-9,房地产,fángdìchǎn,real estate
7-9,防范,fángfàn,to be on guard; wariness; to guard against; preventive
7-9,防护,fánghù,to defend; to protect
7-9,防火墙,fánghuǒqiáng,firewall
7-9,防守,fángshǒu,to defend; to protect (against)
7-9,防汛,fángxùn,flood control; anti-flood (precautions)
7-9,防疫,fángyì,to prevent epidemics
7-9,防御,fángyù,defense; to defend
7-9,仿,fǎng,to imitate; to copy; variant of 仿; seemingly
7-9,仿真,fǎngzhēn,simulate; emulate
7-9,仿制,fǎngzhì,to copy; to imitate; to make by imitating a model
7-9,纺织,fǎngzhī,spinning and weaving
7-9,放过,fàngguò,to let off; to let slip by; to let sb get away with sth
7-9,放宽,fàngkuān,relax controls or restrictions; make less strict
7-9,放射,fàngshè,to radiate; radioactive
7-9,放水,fàngshuǐ,to turn on the water; to let water out; (sports) to throw a game
7-9,放肆,fàngsì,wanton; unbridled
7-9,放映,fàngyìng,to show (a movie); to screen
7-9,放纵,fàngzòng,to indulge; to pamper; to connive at; permissive; indulgent; self-indulgent; unrestrained; undisciplined; uncultured; boorish
7-9,非,fēi,"abbr. for 洲, Africa; to not be; not; wrong; incorrect; non-; un-; in-; de-; to reproach; to blame; (coll.) to insist on; simply must"
7-9,飞船,fēichuán,spaceship; spacecraft; dirigible; airship
7-9,非但,fēidàn,not only
7-9,非得,fēiděi,"(followed by a verb phrase, then – optionally – 不可, or 不行 etc) must"
7-9,非凡,fēifán,"out of the ordinary; unusually (good, talented etc)"
7-9,绯闻,fēiwén,sex scandal
7-9,飞翔,fēixiáng,to circle in the air; to soar
7-9,飞跃,fēiyuè,to leap
7-9,肥料,féiliào,fertilizer; manure
7-9,肥皂,féizào,soap
7-9,诽谤,fěibàng,to slander; to libel
7-9,废,fèi,to abolish; to abandon; to abrogate; to discard; to depose; to oust; crippled; abandoned; waste; variant of 废; disabled
7-9,废除,fèichú,to abolish; to abrogate; to repeal
7-9,废话,fèihuà,nonsense; rubbish; superfluous words; You don't say!; No kidding! (gently sarcastic)
7-9,费劲,fèijìn,to require effort; strenuous
7-9,费力,fèilì,strenuous; need or use great effort
7-9,废品,fèipǐn,production rejects; seconds; scrap; discarded material
7-9,废弃,fèiqì,abandoned; discarded;廢棄
7-9,沸腾,fèiténg,(of a liquid) to boil; (of sentiments etc) to boil over; to flare up; to be impassioned
7-9,废墟,fèixū,ruins
7-9,分辨,fēnbiàn,to distinguish; to differentiate; to resolve
7-9,分成,fēnchéng,to divide (into); to split a bonus; to break into; tenths; percentage allotment
7-9,分寸,fēncun,propriety; appropriate behavior; proper speech or action; within the norms
7-9,分担,fēndān,"to share (a burden, a cost, a responsibility)"
7-9,分发,fēnfā,distribute
7-9,芬芳,fēnfāng,perfume; fragrant
7-9,吩咐,fēnfù,to tell; to instruct; to command
7-9,分割,fēngē,to cut up; to break up
7-9,分红,fēnhóng,dividend; to award a bonus
7-9,分化,fēnhuà,to split apart; differentiation
7-9,分解,fēnjiě,decompose; break down
7-9,分裂,fēnliè,to split up; to divide; to break up; fission; schism
7-9,分明,fēnmíng,clear; distinct; evidently; clearly
7-9,分歧,fēnqí,"divergent; difference (of opinion, position); disagreement; (math.) bifurcation"
7-9,分支,fēnzhī,"branch (of company, river etc); to branch; to diverge; to ramify; to subdivide"
7-9,坟,fén,grave; tomb
7-9,坟墓,fénmù,grave; tomb
7-9,粉丝,fěnsī,bean vermicelli; mung bean starch noodles; Chinese vermicelli; cellophane noodles; fan (loanword); enthusiast for sb or sth
7-9,粉丝,fěnsī,bean vermicelli; mung bean starch noodles; Chinese vermicelli; cellophane noodles; fan (loanword); enthusiast for sb or sth
7-9,粉碎,fěnsuì,to crush; to smash; to shatter
7-9,粪,fèn,manure; dung
7-9,粪便,fènbiàn,excrement; feces; night soil
7-9,份额,fèn’é,share; portion
7-9,奋力,fènlì,to do everything one can; to spare no effort; to strive
7-9,分量,fènliàng,(vector) component; quantity; weight; measure
7-9,分外,fènwài,exceptionally; not one's responsibility or job
7-9,奋勇,fènyǒng,dauntless; to summon up courage and determination; using extreme force of will
7-9,风暴,fēngbào,"storm; violent commotion; fig. crisis (e.g. revolution, uprising, financial crisis etc)"
7-9,风波,fēngbō,disturbance; crisis; disputes; restlessness
7-9,风采,fēngcǎi,elegance (for men); elegant demeanor; grace; poise
7-9,封顶,fēngdǐng,"to put a roof (on a building); to cap the roof (finishing a building project); fig. to put a ceiling (on spending, prize, ambition etc); to top off; fig. to reach the highest point (of growth, profit, interest rates); to stop growing (of plant bud or branch)"
7-9,风度,fēngdù,elegance (for men); elegant demeanor; grace; poise
7-9,丰厚,fēnghòu,generous; ample
7-9,峰会,fēnghuì,summit meeting
7-9,封建,fēngjiàn,system of enfeoffment; feudalism; feudal; feudalistic
7-9,风浪,fēnglàng,wind and waves; rough waters; (fig.) hardship
7-9,锋利,fēnglì,sharp (e.g. knife blade); incisive; to the point
7-9,风流,fēngliú,distinguished and accomplished; outstanding; talented in letters and unconventional in lifestyle; romantic; dissolute; loose
7-9,丰满,fēngmǎn,"Fengman district of Jilin city 吉林市, Jilin province; ample; well developed; fully rounded"
7-9,风貌,fēngmào,style; manner; ethos
7-9,蜂蜜,fēngmì,honey
7-9,封面,fēngmiàn,cover (of a publication)
7-9,风情,fēngqíng,"mien; bearing; grace; amorous feelings; flirtatious expressions; local conditions and customs; wind force, direction etc"
7-9,风趣,fēngqù,charm; humor; wit; humorous; witty
7-9,风沙,fēngshā,sand blown by wind; sandstorm
7-9,风尚,fēngshàng,trend; fashion
7-9,丰盛,fēngshèng,rich; sumptuous
7-9,封锁,fēngsuǒ,to blockade; to seal off; to lock down
7-9,风味,fēngwèi,distinctive flavor; distinctive style
7-9,风云,fēngyún,weather; unstable situation
7-9,风筝,fēngzheng,kite
7-9,疯子,fēngzi,madman; lunatic
7-9,逢,féng,to meet by chance; to come across; (of a calendar event) to come along; (of an event) to fall on (a particular day); to fawn upon
7-9,缝,féng,to sew; to stitch
7-9,缝合,fénghé,to sew together; suture (in surgery); to sew up (a wound)
7-9,缝,fèng,seam; crack; narrow slit
7-9,凤凰,fènghuáng,Fenghuang County in Xiangxi Tujia and Miao Autonomous Prefecture 州; phoenix
7-9,佛,fó,Buddha; Buddhism (abbr. for 陀)
7-9,否决,fǒujué,to veto; to overrule
7-9,敷,fū,"to spread; to lay out; to apply (powder, ointment etc); sufficient (to cover); enough"
7-9,孵化,fūhuà,breeding; to incubate; innovation (esp. in commerce and marketing)
7-9,敷衍,fūyǎn,to elaborate (on a theme); to expound (the classics); perfunctory; to skimp; to botch; to do sth half-heartedly or just for show; barely enough to get by
7-9,扶持,fúchí,to help; to assist
7-9,浮动,fúdòng,float
7-9,俘获,fúhuò,to capture (enemy property or personnel); capture (physics: absorption of subatomic particle by an atom or nucleus)
7-9,浮力,fúlì,buoyancy
7-9,俘虏,fúlǔ,captive
7-9,福气,fúqi,good fortune; a blessing
7-9,服气,fúqì,to be convinced; to accept
7-9,辐射,fúshè,radiation
7-9,服饰,fúshì,apparel; clothing and personal adornment
7-9,服务器,fúwùqì,server (computer)
7-9,浮现,fúxiàn,emerge; appear
7-9,浮躁,fúzào,fickle and impatient; restless; giddy; scatterbrained
7-9,腐烂,fǔlàn,to rot; to putrefy; (fig.) corrupt
7-9,抚摸,fǔmō,to gently caress and stroke; to pet; to fondle
7-9,腐蚀,fǔshí,corrosion; to corrode (degrade chemically); to rot; corruption
7-9,俯视,fǔshì,look down on; to look down from above
7-9,俯首,fǔshǒu,to bow one's head
7-9,抚养,fǔyǎng,to foster; to bring up; to raise
7-9,斧子,fǔzi,axe; hatchet
7-9,负,fù,to bear; to carry (on one's back); to turn one's back on; to be defeated; negative (math. etc)
7-9,附,fù,variant of 附; to add; to attach; to be close to; to be attached
7-9,赴,fù,to go; to visit (e.g. another country); to attend (a banquet etc)
7-9,腹,fù,belly; abdomen
7-9,副本,fùběn,duplicate; copy
7-9,复查,fùchá,to check again; to re-examine
7-9,附带,fùdài,supplementary; incidentally; in parentheses; by chance; in passing; additionally; secondary; subsidiary; to attach
7-9,复发,fùfā,to recur (of a disease); to reappear; to relapse (into a former bad state)
7-9,富豪,fùháo,rich and powerful person
7-9,复合,fùhé,(of people who were estranged) to be reconciled; (of a couple) to get back together; complex; compound; composite; hybrid; to compound; to combine
7-9,附和,fùhè,echo; to parrot; to echo someone's opinion
7-9,复活,fùhuó,to revive; (lit. and fig.) to come back to life; (religion) resurrection
7-9,附加,fùjiā,additional; annex
7-9,富强,fùqiáng,rich and powerful
7-9,附属,fùshǔ,subsidiary; auxiliary; attached; affiliated; subordinate; subordinating
7-9,富翁,fùwēng,rich person; millionaire; billionaire
7-9,腹泻,fùxiè,diarrhea; to have the runs
7-9,复兴,fùxīng,"Fuxing district of Handan city 邯郸市, Hebei; Fuxing or Fuhsing township in Taoyuan county 桃园县, north Taiwan; to revive; to rejuvenate"
7-9,复原,fùyuán,to restore (sth) to (its) former condition; to recover from illness; recovery
7-9,负重,fùzhòng,carry heavy 
7-9,富足,fùzú,rich; plentiful
7-9,副作用,fùzuòyòng,side effect
7-9,改版,gǎibǎn,to revise the current edition; revised edition
7-9,改动,gǎidòng,to alter; to modify; to revise
7-9,改观,gǎiguān,change the appearance 
7-9,改良,gǎiliáng,to improve (sth); to reform (a system)
7-9,改日,gǎirì,another day
7-9,钙,gài,calcium (chemistry)
7-9,概,gài,brief
7-9,概况,gàikuàng,general situation; summary
7-9,概论,gàilùn,introduction 
7-9,干戈,gāngē,weapons of war; arms
7-9,甘心,gānxīn,to be willing to; to resign oneself to
7-9,干预,gānyù,to meddle; to intervene; intervention
7-9,杆,gǎn,stick; pole; lever; classifier for long objects such as guns
7-9,感触,gǎnchù,one's thoughts and feelings; emotional stirring; moved; touched
7-9,感恩,gǎnēn,to be grateful
7-9,赶赴,gǎnfù,to hurry; to rush
7-9,感慨,gǎnkǎi,"to sigh with sorrow, regret etc; rueful; deeply moved"
7-9,感叹,gǎntàn,to sigh (with feeling); to lament
7-9,感悟,gǎnwù,insight; realization
7-9,感性,gǎnxìng,perception; perceptual; sensibility; sensitive; emotional; sentimental
7-9,干劲,gànjìn,enthusiasm for doing sth
7-9,干事,gànshi,administrator; executive secretary
7-9,缸,gāng,jar
7-9,纲领,gānglǐng,program (i.e. plan of action); guiding principle
7-9,钢铁,gāngtiě,steel
7-9,纲要,gāngyào,outline; essential points
7-9,港,gǎng,Hong Kong (abbr. for 港); surname Gang; harbor; port
7-9,杠杆,gànggǎn,lever; pry bar; crowbar; financial leverage
7-9,高额,gāo’é,high quota; large amount
7-9,高昂,gāo’áng,to hold (one's head) high; expensive; high (spirits etc)
7-9,高傲,gāo’ào,arrogant; haughty; proud
7-9,高潮,gāocháo,"high tide; high water; upsurge; peak of activity; climax (of a story, a competition etc); to have an orgasm"
7-9,高调,gāodiào,high-sounding speech; bombast; high-profile
7-9,高贵,gāoguì,grandeur; noble
7-9,高见,gāojiàn, wise idea 
7-9,高空,gāokōng,high altitude
7-9,高龄,gāolíng,elderly
7-9,高明,gāomíng,"Gaoming District of Foshan City 市, Guangdong; brilliant; superior; wise"
7-9,高血压,gāoxuèyā,high blood pressure
7-9,高雅,gāoyǎ,dainty; elegance; elegant
7-9,高涨,gāozhǎng,to surge up; to rise; (of tensions etc) to run high
7-9,搞鬼,gǎoguǐ,to make mischief; to play tricks
7-9,搞笑,gǎoxiào,to get people to laugh; funny; hilarious
7-9,告,gào,announce
7-9,告辞,gàocí,to say goodbye; to take one's leave
7-9,告知,gàozhī,to inform
7-9,告状,gàozhuàng,"to tell on sb; to complain (to a teacher, a superior etc); to bring a lawsuit"
7-9,搁,gē,to place; to put aside; to shelve
7-9,戈壁,gēbì,Gobi (desert)
7-9,疙瘩,gēda,swelling or lump on skin; pimple; knot; lump; preoccupation; problem
7-9,歌剧,gējù,Western opera
7-9,搁浅,gēqiǎn,to be stranded (of ship); to run aground; fig. to run into difficulties and stop
7-9,歌颂,gēsòng,to sing the praises of; to extol; to eulogize
7-9,歌舞,gēwǔ,singing and dancing
7-9,歌谣,gēyáo,ballad; folk song; nursery rhyme
7-9,鸽子,gēzi,pigeon; dove; various birds of the family Columbidae
7-9,隔阂,géhé,estrangement; estrangement from others
7-9,格局,géjú,structure; pattern; layout
7-9,隔离,gélí,to separate; to isolate
7-9,阁楼,gélóu,attic; garret
7-9,格式,géshi,form; specification; format
7-9,格子,gézi,grid; lattice; checkered
7-9,个案,gè’àn,individual case; special case
7-9,个头儿,gètóur,size; height; stature
7-9,根基,gēnjī,foundation
7-9,跟进,gēnjìn,follow up
7-9,根源,gēnyuán,origin; root (cause)
7-9,根治,gēnzhì,to bring under permanent control; to effect a radical cure
7-9,耕,gēng,to plow; to till
7-9,耕地,gēngdì,arable land; to plow land
7-9,更改,gēnggǎi,to revise the current edition; revised edition
7-9,更衣室,gēngyīshì,change room; dressing room; locker room; (euphemism) toilet
7-9,更正,gēngzhèng,to correct; to make a correction
7-9,哽咽,gěngyè,choke with emotion; sob
7-9,耿直,gěngzhí,honest; frank; candid
7-9,弓,gōng,bow
7-9,功,gōng,meritorious deed or service; achievement; result; service; accomplishment; work (physics)
7-9,公办,gōngbàn,public; state-run; government administered
7-9,供不应求,gōngbúyìngqiú,supply does not meet demand
7-9,功臣,gōngchén,minister who has given outstanding service
7-9,公道,gōngdao,fair; equitable
7-9,功底,gōngdǐ,training in the basic skills; knowledge of the fundamentals
7-9,宫殿,gōngdiàn,palace
7-9,攻读,gōngdú,to major (in a field); to study a specialty to obtain a higher degree
7-9,公费,gōngfèi,at public expense
7-9,公关,gōngguān,public relations
7-9,攻关,gōngguān,to storm a strategic pass; fig. to tackle a key problem
7-9,工匠,gōngjiàng,craftsman
7-9,恭敬,gōngjìng,deferential; respectful
7-9,攻克,gōngkè,capture
7-9,工科,gōngkē,engineering as an academic subject
7-9,公款,gōngkuǎn,public money
7-9,功劳,gōngláo,contribution; meritorious service; credit
7-9,公立,gōnglì,"public (e.g. school, hospital)"
7-9,功利,gōnglì,utility; use; efficacy
7-9,功率,gōnglǜ,rate of work; power (output)
7-9,公墓,gōngmù,public cemetery
7-9,供暖,gōngnuǎn,to supply heating (in a building); heating
7-9,公仆,gōngpú,public servant
7-9,公顷,gōngqǐng,hectare
7-9,供求,gōngqiú,supply and demand (economics)
7-9,公然,gōngrán,openly; publicly; undisguised
7-9,公示,gōngshì,to make known to the public (for information or to seek comments); public notification
7-9,公式,gōngshì,formula
7-9,公事,gōngshì,work-related matters; documents
7-9,攻势,gōngshì,offensive
7-9,宫廷,gōngtíng,court (of king or emperor)
7-9,公务,gōngwù,official business
7-9,供需,gōngxū,supply and demand
7-9,供养,gōngyǎng,support; provide for; rear
7-9,供应链,gōngyìngliàn,supply chain
7-9,公用,gōngyòng,public; for public use
7-9,工整,gōngzhěng,fine work; carefully and neatly done
7-9,公职,gōngzhí,civil service; public office; government job
7-9,拱,gǒng,to cup one's hands in salute; to surround; to arch; to dig earth with the snout; arched
7-9,供奉,gòngfèng,to consecrate; to enshrine and worship; an offering (to one's ancestors); a sacrifice (to a god)
7-9,共和国,gònghéguó,republic
7-9,共鸣,gòngmíng,(physics) to resonate; resonance; sympathetic response
7-9,共识,gòngshí,common understanding; consensus
7-9,共同体,gòngtóngtǐ,community
7-9,共性,gòngxìng,overall character
7-9,勾,gōu,"surname Gou; to attract; to arouse; to tick; to strike out; to delineate; to collude; variant of 钩, hook"
7-9,勾结,gōujié,to collude with; to collaborate with; to gang up with
7-9,勾勒,gōulè,outline
7-9,构建,gòujiàn,build
7-9,够呛,gòuqiàng,unbearable; terrible; enough; unlikely
7-9,构思,gòusī,to design; to plot; to plan out; to compose; to draw a mental sketch; conception; plan; idea; composition
7-9,构想,gòuxiǎng,to conceive; concept
7-9,孤单,gūdān,lone; lonely; loneliness
7-9,辜负,gūfù,to fail to live up (to expectations); unworthy (of trust); to let down; to betray (hopes); to disappoint
7-9,孤立,gūlì,isolated; to isolate
7-9,孤零零,gūlínglíng,lone; isolated and without help; all alone; solitary
7-9,姑且,gūqiě,for the time being; tentatively
7-9,估算,gūsuàn,assessment; evaluation
7-9,股,gǔ,"thigh; part of a whole; portion of a sum; (stock) share; strand of a thread; low-level administrative unit, translated as ""section"" or ""department"" etc, ranked below 科; classifier for long winding things like ropes, rivers etc; classifier for smoke, smells etc: thread, puff, whiff; classifier for bands of people, gangs etc; classifier for sudden forceful actions"
7-9,鼓动,gǔdòng,"to urge (an activity that may be beneficial, harmful or neutral); to encourage; to agitate; to instigate; to incite; to beat; to flap (wings, a fan etc)"
7-9,古董,gǔdǒng,curio; antique
7-9,股东,gǔdōng,shareholder; stockholder
7-9,股份,gǔfèn,a share (in a company); stock
7-9,骨干,gǔgàn,backbone; key member; mainstay
7-9,骨骼,gǔgé,bone; skeleton; framework
7-9,古籍,gǔjí,ancient books
7-9,骨架,gǔjià,skeleton; framework
7-9,股民,gǔmín,stockholder
7-9,古朴,gǔpǔ,"simple and unadorned (of art, architecture etc)"
7-9,骨折,gǔzhé,to suffer a fracture; (of a bone) to break; fracture
7-9,故,gù,"happening; instance; reason; cause; intentional; former; old; friend; therefore; hence; (of people) to die, dead"
7-9,雇,gù,variant of 雇; to employ; to hire; to rent
7-9,固化,gùhuà,solidify
7-9,顾及,gùjí,to take into consideration; to attend to
7-9,顾虑,gùlǜ,misgivings; apprehensions
7-9,固然,gùrán,admittedly (it's true that...)
7-9,雇佣,gùyōng,to employ; to hire
7-9,雇员,gùyuán,employee
7-9,固执,gùzhi,obstinate; stubborn; to fixate on; to cling to
7-9,雇主,gùzhǔ,employer
7-9,瓜分,guāfēn,to partition; to divide up
7-9,瓜子,guāzǐ,"melon seed; seeds of pumpkin, watermelon or sunflower etc, roasted and flavored, consumed as a snack"
7-9,寡妇,guǎfu,widow
7-9,挂念,guàniàn,concerned
7-9,挂失,guàshī,to report the loss of something
7-9,乖,guāi,"(of a child) obedient, well-behaved; clever; shrewd; alert; perverse; contrary to reason; irregular; abnormal"
7-9,乖巧,guāiqiǎo,clever (child); smart; lovable; cute
7-9,拐杖,guǎizhàng,crutches; crutch; walking stick
7-9,怪不得,guàibude,no wonder!; so that's why!
7-9,怪物,guàiwu,monster; freak; eccentric person
7-9,怪异,guàiyì,monstrous; strange; strange phenomenon
7-9,官兵,guānbīng,(military) officers and soldiers; officers and men; (old) government troops
7-9,棺材,guāncai,coffin
7-9,观测,guāncè,to observe; to survey; observation (scientific etc)
7-9,观感,guāngǎn,impression
7-9,关节,guānjié,joint (physiology); key point; critical phase
7-9,官僚,guānliáo,bureaucrat; bureaucracy; bureaucratic
7-9,观摩,guānmó,to observe and emulate; to study (esp. following sb's example)
7-9,关切,guānqiè,concerned
7-9,关税,guānshuì,tariff
7-9,官司,guānsi,lawsuit
7-9,关照,guānzhào,to take care; to keep an eye on; to look after; to tell; to remind
7-9,管家,guǎnjiā,(old) butler; steward; manager; administrator; housekeeper; to manage a household
7-9,管教,guǎnjiào,to discipline; to teach; to guarantee
7-9,管辖,guǎnxiá,to administer; to have jurisdiction (over)
7-9,管用,guǎnyòng,efficacious; useful
7-9,惯,guàn,accustomed to; used to; indulge; to spoil (a child)
7-9,灌,guàn,to irrigate; to pour; to install (software); to record (music)
7-9,贯彻,guànchè,to implement; to put into practice; to carry out
7-9,贯穿,guànchuān,to run through; a connecting thread from beginning to end; to link
7-9,灌溉,guàngài,to irrigate
7-9,灌输,guànshū,to imbue with; to inculcate; to instill into; to teach; to impart; to channel water to another place
7-9,贯通,guàntōng,to link up; to thread together
7-9,罐头,guàntou,canned food
7-9,惯性,guànxìng,(physics) inertia; (fig.) force of habit; tendency to do things in the accustomed way; habitual
7-9,光彩,guāngcǎi,luster; splendor; radiance; brilliance
7-9,光顾,guānggù,to visit (as a customer)
7-9,光滑,guānghuá,glossy; sleek; smooth
7-9,光辉,guānghuī,radiance; glory; brilliant; magnificent
7-9,光缆,guānglǎn,optical cable
7-9,光芒,guāngmáng,rays of light; brilliant rays; radiance
7-9,光盘,guāngpán,compact disc (CD); DVD; CD-ROM
7-9,光荣,guāngróng,honor and glory; glorious
7-9,光泽,guāngzé,Guangze county in Nanping 平 Fujian; luster; gloss
7-9,广义,guǎngyì,broad sense; general sense
7-9,龟,guī,tortoise; turtle
7-9,瑰宝,guībǎo,gem; (fig.) rare and valuable item; treasure
7-9,规格,guīgé,standard; norm; specification
7-9,归结,guījié,to sum up; to conclude; to put in a nutshell; conclusion; end (of a story etc)
7-9,归纳,guīnà,to sum up; to summarize; to conclude from facts; induction (method of deduction in logic)
7-9,归属,guīshǔ,to belong to; to be affiliated to; to fall under the jurisdiction of; a place where one feels that one belongs; one's final destination (where one need look no further)
7-9,归宿,guīsù, a home to return to 
7-9,归于,guīyú,to return to
7-9,轨迹,guǐjì,locus; orbit; trajectory; track
7-9,诡计,guǐjì,trick; ruse
7-9,贵宾,guìbīn,honored guest; distinguished guest; VIP
7-9,桂花,guìhuā,osmanthus flowers; Osmanthus fragrans
7-9,柜台,guìtái,"variant of 柜台; sales counter; front desk; bar; (of markets, medicines etc) OTC (over-the-counter)"
7-9,贵族,guìzú,lord; nobility; nobleman; noblewoman; aristocrat; aristocracy
7-9,滚动,gǔndòng,to roll; (to do sth) in a loop; to scroll (computing); to progressively expand (economics); to rumble (of thunder)
7-9,国防,guófáng,national defense
7-9,国徽,guóhuī,the national emblem of the PRC (a red circle containing the five stars of the PRC flag over Tiananmen 天安门); national emblem; national coat of arms
7-9,国民,guómín,nationals; citizens; people of a nation
7-9,国务院,guówùyuàn,State Council (PRC); State Department (USA)
7-9,国学,guóxué,Chinese national culture; studies of ancient Chinese civilization; the Imperial College (history)
7-9,国有,guóyǒu,state-owned
7-9,裹,guǒ,to wrap around; bundle; parcel; package; to press into service; to pressgang; to make off with (sth)
7-9,果断,guǒduàn,firm; decisive
7-9,果真,guǒzhēn,really; as expected; sure enough; if indeed...; if it's really...
7-9,过意不去,guò yì bú qù,to feel very apologetic
7-9,过不去,guòbuqù,to make life difficult for; to embarrass; unable to make it through
7-9,过错,guòcuò,mistake; fault; responsibility (for a fault)
7-9,过道,guòdào,passageway; corridor; aisle
7-9,过关,guòguān,to cross a barrier; to get through (an ordeal); to pass (a test); to reach (a standard)
7-9,过奖,guòjiǎng,to overpraise; to flatter
7-9,过境,guòjìng,to pass through a country's territory; transit
7-9,过量,guòliàng,excessive amount
7-9,过滤,guòlǜ,to filter; filter
7-9,过剩,guòshèng,to be excessive; to be more than is required
7-9,过失,guòshī,error; fault; (law) negligence; delinquency
7-9,过头,guòtóu,to overdo it; to overstep the limit; excessively; above one's head; overhead
7-9,过往,guòwǎng,past
7-9,过问,guòwèn,to show an interest in; to get involved with
7-9,过硬,guòyìng,to have perfect mastery of sth; to be up to the mark
7-9,海报,hǎibào,poster; playbill; notice
7-9,海滨,hǎibīn,shore; seaside
7-9,海盗,hǎidào,pirate
7-9,海军,hǎijūn,navy
7-9,海滩,hǎitān,beach
7-9,海豚,hǎitún,dolphin
7-9,海湾,hǎiwān,(Persian) Gulf; bay; gulf
7-9,海峡,hǎixiá,strait; channel
7-9,海啸,hǎixiào,tsunami
7-9,海运,hǎiyùn,shipping by sea
7-9,海藻,hǎizǎo,seaweed; marine alga; kelp
7-9,害虫,hàichóng,injurious insect; pest
7-9,骇人听闻,hàiréntīngwén,shocking; horrifying; atrocious; terrible
7-9,酣畅,hānchàng,"unrestrained; cheerful lack of inhibition, esp. for drinking or sleeping; to drink with abandon"
7-9,酣睡,hānshuì,to sleep soundly; to fall into a deep sleep
7-9,函,hán,case; envelop
7-9,寒带,hándài,frigid zone
7-9,涵盖,hángài,to cover; to comprise; to include
7-9,含糊,hánhu,ambiguous; vague; careless; perfunctory
7-9,含蓄,hánxù,"to contain; to hold; (of a person or style etc) reserved; restrained; (of words, writings) full of hidden meaning; implicit; veiled (criticism)"
7-9,寒暄,hánxuān,to exchange conventional greetings; to exchange pleasantries
7-9,捍卫,hànwèi,to defend; to uphold; to safeguard
7-9,夯实,hāngshí,to consolidate
7-9,航海,hánghǎi,to sail the seas; maritime navigation; voyage
7-9,行家,hángjia,connoisseur; expert; veteran
7-9,行列,hángliè,"formation; array; (fig.) ranks (as in ""join the ranks of ..."")"
7-9,行情,hángqíng,market price; quotation of market price; the current market situation
7-9,航天,hángtiān,space flight
7-9,航天员,hángtiānyuán,astronaut
7-9,航行,hángxíng,to sail; to fly; to navigate
7-9,航运,hángyùn,shipping; transport
7-9,豪华,háohuá,luxury; magnificent
7-9,豪迈,háomài,bold; open-minded; heroic
7-9,好歹,hǎodǎi,good and bad; most unfortunate occurrence; in any case; whatever
7-9,好受,hǎoshòu,feeling better; easier to bear
7-9,好说,hǎoshuō,easy to deal with; not a problem; (polite answer) you flatter me
7-9,好似,hǎosì,to seem like; as if
7-9,好心,hǎoxīn,kindness; good intentions
7-9,耗,hào,to waste; to spend; to consume; to squander; news; (coll.) to delay; to dilly-dally
7-9,号称,hàochēng,to be known as; to be nicknamed; to be purportedly; to claim (often exaggeratedly or falsely)
7-9,耗费,hàofèi,to waste; to spend; to consume; to squander
7-9,浩瀚,hàohàn,vast; boundless
7-9,浩劫,hàojié,calamity; catastrophe; apocalypse
7-9,好胜,hàoshèng,competitive
7-9,耗时,hàoshí,time-consuming; to take a period of (x amount of time)
7-9,呵,hē,expel breath; my goodness
7-9,呵护,hēhù,to bless; to cherish; to take good care of; to conserve
7-9,何,hé,what; how; why; which
7-9,核,hé,pit; stone; nucleus; nuclear; to examine; to check; to verify; variant of 核; to investigate
7-9,和蔼,hé’ǎi,kindly; nice; amiable
7-9,何必,hébì,why; there is no need
7-9,核查,héchá,to check; to verify; verification; inspection
7-9,合唱,héchàng,chorus; to chorus
7-9,何等,héděng,what kind of; how great
7-9,核电站,hédiànzhàn,nuclear power plant
7-9,和好,héhǎo,to make peace; to become reconciled
7-9,合乎,héhū,to accord with; to conform to
7-9,荷花,héhuā,lotus
7-9,合伙,héhuǒ,to act jointly; to form a partnership
7-9,合计,héjì,to add up the total; to figure what sth amounts to; to consider
7-9,和解,héjiě,to settle (a dispute out of court); to reconcile; settlement; conciliation; to become reconciled
7-9,何苦,hékǔ,why bother?; is it worth the trouble?
7-9,何况,hékuàng,let alone; to say nothing of; besides; what's more
7-9,禾苗,hémiáo,seedling (of rice or other grain)
7-9,和睦,hémù,peaceful relations; harmonious
7-9,核能,hénéng,nuclear energy
7-9,河畔,hépàn,river bank; riverside
7-9,和平共处,hépíng gòngchǔ,"peaceful coexistence of nations, societies etc"
7-9,和尚,héshang,Buddhist monk
7-9,核实,héshí,to verify; to check
7-9,核桃,hétao,walnut
7-9,核武器,héwǔqì,nuclear weapon
7-9,合约,héyuē,treaty; contract
7-9,喝彩,hècǎi,to acclaim; to cheer
7-9,贺电,hèdiàn,congratulatory telegram
7-9,鹤立鸡群,hèlìjīqún,a crane in a flock of chicken (idiom); way above the common; manifestly superior
7-9,赫然,hèrán,with astonishment; with a shock; awe-inspiringly; impressively; furiously (angry)
7-9,贺信,hèxìn,congratulatory letter or message
7-9,黑客,hēikè,hacker (computing) (loanword)
7-9,黑马,hēimǎ,dark horse; fig. unexpected winner
7-9,黑名单,hēimíngdān,blacklist
7-9,恨不得,hènbude,wishing one could do sth; to hate to be unable; itching to do sth
7-9,哼,hēng,to groan; to snort; to hum; to croon; humph!
7-9,横向,héngxiàng,horizontal; orthogonal; perpendicular; lateral; crosswise
7-9,恒星,héngxīng,star (stellar)
7-9,轰,hōng,to make a bang; to explode; to boom; to resound; to make a fuss; to take (an exam, etc.) in one go
7-9,烘,hōng,to bake; to heat by fire; to set off by contrast
7-9,烘焙,hōngbèi,to bake; to roast
7-9,轰动,hōngdòng,to cause a sensation; to create a stir in (a place); commotion; controversy
7-9,烘干,hōnggān,to dry over a stove
7-9,烘托,hōngtuō,background (of a painting); backdrop; a foil (to set off something to advantage); to offset (something to advantage)
7-9,轰炸,hōngzhà,to bomb; to bombard
7-9,宏观,hóngguān,macro-; macroscopic; holistic
7-9,红火,hónghuo,prosperous
7-9,红利,hónglì,bonus; dividend
7-9,洪亮,hóngliàng,loud and clear; resonant
7-9,红扑扑,hóngpūpū,red; rosy; flushed
7-9,红润,hóngrùn,ruddy; rosy; florid
7-9,红薯,hóngshǔ,sweet potato
7-9,宏伟,hóngwěi,grand; imposing; magnificent
7-9,弘扬,hóngyáng,to enhance; to promote; to enrich
7-9,哄,hǒng,to cajole; to coax; to fool; to cheat; to instigate
7-9,喉咙,hóulóng,the throat
7-9,后备,hòubèi,reserve; backup
7-9,后备箱,hòubèixiāng,trunk; boot (of a car)
7-9,厚道,hòudao,kind and honest; generous; sincere
7-9,后盾,hòudùn,support; backing
7-9,后顾之忧,hòugùzhīyōu,"fears of trouble in the rear (idiom); family worries (obstructing freedom of action); worries about the future consequences; often in negative expressions, meaning ""no worries about anything"""
7-9,后台,hòutái,backstage area; behind-the-scenes supporter; (computing) back-end; background
7-9,后续,hòuxù,follow-up; (dialect) to remarry
7-9,候选人,hòuxuǎnrén,candidate
7-9,后裔,hòuyì,descendant
7-9,后遗症,hòuyízhèng,(medicine) sequelae; residual effects; (fig.) repercussions; aftermath
7-9,呼,hū,to breathe out; to exhale; variant of 呼
7-9,呼唤,hūhuàn,to call out (a name etc); to shout
7-9,呼救,hūjiù,to call for help
7-9,呼声,hūshēng,"a shout; fig. opinion or demand, esp. expressed by a group"
7-9,呼应,hūyìng,to conform (with); to echo; to correlate well; (linguistics) agreement
7-9,忽悠,hūyou,to rock; to sway; to flicker (e.g. of lights reflected on water); to flutter (e.g. of a flag); to trick sb into doing sth; to dupe; to con
7-9,呼吁,hūyù,to call on; to appeal (for help etc)
7-9,糊,hú,variant of 糊; muddled; paste; scorched; congee; making a living
7-9,狐狸,húli,fox
7-9,胡乱,húluàn,careless; reckless; casually; absent-mindedly; at will; at random; any old how
7-9,胡闹,húnào,to act willfully and make a scene; to make trouble
7-9,胡说,húshuō,to talk nonsense; drivel
7-9,糊涂,hútu,muddled; silly; confused
7-9,护,hù,to protect
7-9,互补,hùbǔ,complementary; to complement each other
7-9,护理,hùlǐ,to nurse; to tend and protect
7-9,花瓣,huābàn,petal
7-9,花卉,huāhuì,flowers and plants
7-9,花蕾,huālěi,flower bud
7-9,花纹,huāwén,decorative design
7-9,花样,huāyàng,pattern; way of doing sth; trick; ruse; fancy-style (as in 花样滑冰 figure skating)
7-9,划不来,huábulái,be not worth it; do not pay
7-9,划得来,huádelái,be worth it; pay
7-9,华丽,huálì,gorgeous
7-9,华侨,huáqiáo,overseas Chinese; (in a restricted sense) Chinese emigrant who still retains Chinese nationality
7-9,哗然,huárán,in uproar; commotion; causing a storm of protest; tumultuous; variant of 哗然
7-9,华人,huárén,Chinese person
7-9,划算,huásuàn,to calculate; to weigh (pros and cons); to view as profitable; worthwhile; value for money; cost-effective
7-9,画册,huàcè,picture album
7-9,化肥,huàféi,fertilizer
7-9,化解,huàjiě,to dissolve; to resolve (contradictions); to dispel (doubts); to iron out (difficulties); to defuse (conflicts); to neutralize (fears)
7-9,化身,huàshēn,incarnation; reincarnation; embodiment (of abstract idea); personification
7-9,划时代,huàshídài,epoch-marking
7-9,化险为夷,huàxiǎnwéiyí,to turn peril into safety (idiom); to avert disaster
7-9,化验,huàyàn,chemical examination; to do a lab test
7-9,话语,huàyǔ,words; speech; utterance; discourse
7-9,怀旧,huáijiù,to feel nostalgic; nostalgia
7-9,槐树,huáishù,locust tree (Sophora japonica)
7-9,欢呼,huānhū,cheer; acclaim; hail
7-9,欢聚,huānjù,to get together socially; to celebrate; party; celebration
7-9,欢快,huānkuài,cheerful and lighthearted; lively
7-9,环比,huánbǐ,comparative (analysis)
7-9,环绕,huánrào,to surround; to circle; to revolve around
7-9,缓,huǎn,slow; unhurried; sluggish; gradual; not tense; relaxed; to postpone; to defer; to stall; to stave off; to revive; to recuperate
7-9,缓和,huǎnhé,to ease (tension); to alleviate; to moderate; to allay; to make more mild
7-9,焕发,huànfā,to shine; to glow; to irradiate; to flash
7-9,幻觉,huànjué,illusion; hallucination; figment of one's imagination
7-9,唤起,huànqǐ,"to waken (to action); to rouse (the masses); to evoke (attention, recollection etc)"
7-9,换取,huànqǔ,to obtain (sth) in exchange; to exchange (sth) for (sth else)
7-9,唤醒,huànxǐng,to awaken (to action); to rouse (the masses); to evoke (attention, recollection etc)
7-9,幻影,huànyǐng,phantom; mirage
7-9,荒,huāng,desolate; shortage; scarce; out of practice; absurd; uncultivated; to neglect
7-9,慌,huāng,flustered; in a panic; to panic
7-9,荒诞,huāngdàn,beyond belief; incredible; preposterous; fantastic
7-9,慌乱,huāngluàn,frenetic; hurried
7-9,慌忙,huāngmáng,in a great rush; in a flurry
7-9,荒谬,huāngmiù,absurd; ridiculous
7-9,荒唐,huāngtáng,absurd; preposterous
7-9,慌张,huāngzhāng,flustered; agitated
7-9,黄昏,huánghūn,dusk; evening; nightfall
7-9,皇上,huángshang,the emperor; Your majesty the emperor; His imperial majesty
7-9,皇室,huángshì,royal family; imperial household; member of the royal family
7-9,晃,huǎng,variant of 晃; to dazzle; to flash past
7-9,谎话,huǎnghuà,lie
7-9,谎言,huǎngyán,lie
7-9,晃,huàng,to sway; to shake; to wander about
7-9,晃荡,huàngdang,to rock; to sway; to shake
7-9,辉煌,huīhuáng,splendid; glorious
7-9,挥舞,huīwǔ,wave; brandish; shake; wield
7-9,回避,huíbì,variant of 回避; to shun; to avoid (sb); to skirt; to evade (an issue); to step back; to withdraw; to recuse (a judge etc)
7-9,回归,huíguī,return
7-9,回合,huíhé,round
7-9,回馈,huíkuì,to repay a favor; to give back; feedback
7-9,回落,huíluò,"to fall back; to return to low level after a rise (in water level, price etc)"
7-9,回升,huíshēng,to rise again after a fall; to pick up; rally (stock market etc)
7-9,回味,huíwèi,to call to mind and ponder over; aftertaste
7-9,回想,huíxiǎng,to recall; to recollect; to think back
7-9,回忆录,huíyìlù,memoir
7-9,回应,huíyìng,to respond; response
7-9,毁,huǐ,to destroy; to ruin; to defame; to slander; to destroy by fire; variant of 毁; to defame; to slander
7-9,悔恨,huǐhèn,remorse; repentance
7-9,毁坏,huǐhuài,to damage; to devastate; to vandalize; damage; destruction
7-9,毁灭,huǐmiè,to perish; to ruin; to destroy
7-9,会场,huìchǎng,meeting place; place where people gather
7-9,汇合,huìhé,confluence; to converge; to join; to fuse; fusion
7-9,汇集,huìjí,to collect; to compile; to converge; also written 汇集
7-9,汇聚,huìjù,to gather; to converge
7-9,贿赂,huìlù,to bribe; a bribe
7-9,会谈,huìtán,talks; discussions
7-9,会晤,huìwù,to meet; meeting; conference
7-9,会意,huìyì,to understand each other; to concur
7-9,会诊,huìzhěn,consultation (medical); to meet for diagnosis; (by extension) consultation of different specialists
7-9,荤,hūn,non-vegetable food; meat
7-9,昏迷,hūnmí,to lose consciousness; to be in a coma; stupor; coma; stunned; disoriented
7-9,婚纱,hūnshā,wedding dress
7-9,浑身,húnshēn,all over; from head to foot
7-9,混淆,hùnxiáo,to obscure; to confuse; to mix up; to blur; to mislead
7-9,混浊,hùnzhuó,turbid; muddy; dirty
7-9,豁,huō,opening; stake all; sacrifice; crack; slit
7-9,豁出去,huōchuqu,to throw caution to the wind; to press one's luck; to go for broke
7-9,活该,huógāi,(coll.) serve sb right; deservedly; ought; should
7-9,活期,huóqī,(banking) current (account); checking (account); demand (deposit etc)
7-9,火候,huǒhou,heat control; (fig.) mastery; (fig.) crucial moment
7-9,火花,huǒhuā,spark; sparkle
7-9,火箭,huǒjiàn,rocket
7-9,火炬,huǒjù,(flaming) torch
7-9,火辣辣,huǒlàlà,painful heat; scorching; rude and forthright; provocative; hot; sexy
7-9,火热,huǒrè,fiery; burning; fervent; ardent; passionate
7-9,火山,huǒshān,volcano
7-9,火速,huǒsù,at top speed; at a tremendous lick
7-9,火腿,huǒtuǐ,ham
7-9,火焰,huǒyàn,blaze; flame
7-9,豁达,huòdá,optimistic; sanguine; generous; magnanimous; open-minded
7-9,祸害,huòhai,disaster; harm; scourge; bad person; to damage; to harm; to wreck
7-9,获悉,huòxī,to learn of sth; to find out; to get news
7-9,货运,huòyùn,freight transport; cargo; transported goods
7-9,积,jī,to amass; to accumulate; to store; measured quantity (such as area of volume); product (the result of multiplication); to integrate (math.); to solve (or integrate) an ordinary differential equation (math.); old; long-standing
7-9,基本功,jīběngōng,basic skills; fundamentals
7-9,机舱,jīcāng,cabin of a plane
7-9,基层,jīcéng,grassroots level; basic level
7-9,激荡,jīdàng,to agitate; to churn; to make waves; turbulent
7-9,机动,jīdòng,"locomotive; motorized; power-driven; adaptable; flexible (use, treatment, timing etc)"
7-9,肌肤,jīfū,skin; flesh; fig. close physical relationship
7-9,机关,jīguān,mechanism; gear; machine-operated; office; agency; organ; organization; establishment; institution; body; stratagem; scheme; intrigue; plot; trick
7-9,激光,jīguāng,laser
7-9,激化,jīhuà,to intensify
7-9,基金会,jījīnhuì,foundation
7-9,机灵,jīling,clever; quick-witted
7-9,机密,jīmì,secret; classified (information)
7-9,激起,jīqǐ,to arouse; to evoke; to cause; to stir up
7-9,激素,jīsù,hormone
7-9,讥笑,jīxiào,to sneer
7-9,畸形,jīxíng,deformity; abnormality
7-9,积蓄,jīxù,to save; to put aside; savings
7-9,基于,jīyú,because of; on the basis of; in view of; on account of
7-9,积攒,jīzǎn,save bit by bit; collect bit by bit
7-9,机智,jīzhì,quick-witted; resourceful
7-9,基准,jīzhǔn,(surveying) datum; standard; criterion; benchmark
7-9,即,jí,approach; reach; be near
7-9,级别,jíbié,(military) rank; level; grade
7-9,急促,jícù,brief and rapid; hurried; rushed
7-9,极度,jídù,extremely
7-9,嫉妒,jídù,to be jealous of; to envy
7-9,籍贯,jíguàn,one's native place; place of ancestry; registered birthplace
7-9,集会,jíhuì,to gather; assembly; meeting
7-9,急剧,jíjù,rapid; sudden
7-9,即可,jíkě,equivalent to 就可以; can then (do sth); can immediately (do sth); (do sth) and that will suffice
7-9,吉利,jílì,"Geely, Chinese car make; auspicious; lucky; propitious"
7-9,极力,jílì,to make a supreme effort; at all costs
7-9,急迫,jípò,urgent; pressing; imperative
7-9,汲取,jíqǔ,to draw; to draw on; to absorb
7-9,即日,jírì,this day; today; immediately
7-9,即时,jíshí,instantaneous; on the spot
7-9,集市,jíshì,market
7-9,棘手,jíshǒu,tricky; difficult; thorny; hard to handle
7-9,极限,jíxiàn,limit; extreme boundary
7-9,吉祥物,jíxiángwù,mascot
7-9,急性,jíxìng,acute
7-9,急于,jíyú,to be eager to do sth; too hasty; anxious to
7-9,集装箱,jízhuāngxiāng,container (for shipping)
7-9,集资,jízī,to raise money; to accumulate funds
7-9,脊梁,jǐliáng,backbone; spine; Taiwan pr. [jǐ liang]
7-9,挤压,jǐyā,to squeeze; to press; to extrude
7-9,计,jì,surname Ji; to calculate; to compute; to count; to regard as important; to plan; ruse; meter; gauge
7-9,忌,jì,to be jealous of; fear; dread; scruple; to avoid or abstain from; to quit; to give up sth
7-9,剂,jì,dose (medicine)
7-9,继,jì,to continue; to follow after; to go on with; to succeed; to inherit; then; afterwards
7-9,祭,jì,to offer a sacrifice to (gods or ancestors); memorial ceremony; (in classical novels) to recite an incantation to activate a magic weapon; (lit. and fig.) to wield
7-9,继而,jì’ér,then; afterwards
7-9,计策,jìcè,stratagem
7-9,祭奠,jìdiàn,funeral rites; memorial service
7-9,忌妒,jìdu,to be jealous of; to envy
7-9,继父,jìfù,stepfather
7-9,记号,jìhao,mark; symbol; notation; seal
7-9,忌讳,jìhuì,taboo; to avoid as taboo; to abstain from
7-9,寂静,jìjìng,quiet
7-9,忌口,jìkǒu,abstain from certain food (as when ill); avoid certain foods; be on a diet
7-9,剂量,jìliàng,dosage
7-9,继母,jìmǔ,stepmother
7-9,纪念碑,jìniànbēi,monument
7-9,纪实,jìshí,record of actual events; documentary (factual rather than fictional)
7-9,祭祀,jìsì,to offer sacrifices to the gods or ancestors
7-9,寄托,jìtuō,"to entrust (to sb); to place (one's hope, energy etc) in; a thing in which you invest (your hope, energy etc)"
7-9,迹象,jìxiàng,sign; indication; mark; indicator
7-9,绩效,jìxiào,performance results; achievements
7-9,记性,jìxing,memory (ability to retain information)
7-9,纪要,jìyào,minutes (of a meeting)
7-9,家教,jiājiào,family education; upbringing; to bring sb up; private tutor
7-9,佳节,jiājié,festive day; holiday
7-9,加紧,jiājǐn,to intensify; to speed up; to step up
7-9,家境,jiājìng,family financial situation
7-9,加盟,jiāméng,to become a member of an alliance or union; to align; to join; participate
7-9,家世,jiāshì,family background; social origins
7-9,佳肴,jiāyáo,fine food; delicacies; delicious food
7-9,家用,jiāyòng,home-use; domestic; family expenses; housekeeping money
7-9,夹杂,jiāzá,to mix together (disparate substances); to mingle; a mix; to be tangled up with
7-9,家政,jiāzhèng,housekeeping
7-9,加之,jiāzhī,in addition; besides
7-9,夹子,jiāzi,clip; clamp; tongs; folder; wallet
7-9,家族,jiāzú,family; clan
7-9,假定,jiǎdìng,to assume; to suppose; supposed; so-called; assumption; hypothesis
7-9,假使,jiǎshǐ,if; in case; suppose; given ...
7-9,假装,jiǎzhuāng,to feign; to pretend
7-9,驾,jià,"to drive; to ride (a cart, horse, bicycle, etc.)"
7-9,架势,jiàshi,attitude; position (on an issue etc)
7-9,价位,jiàwèi,price level
7-9,驾驭,jiàyù,to urge on (of horse); to drive; to steer; to handle; to manage; to master; to dominate
7-9,价值观,jiàzhíguān,system of values
7-9,架子,jiàzi,shelf; frame; stand; framework; airs; arrogance
7-9,兼,jiān,double; twice; simultaneous; holding two or more (official) posts at the same time
7-9,煎,jiān,to pan fry; to sauté
7-9,煎熬,jiān’áo,to suffer from physical or mental torment
7-9,监察,jiānchá,to supervise; to control
7-9,尖端,jiānduān,sharp pointed end; the tip; the cusp; tip-top; most advanced and sophisticated; highest peak; the best
7-9,肩负,jiānfù,to shoulder (a burden); to bear; to suffer (a disadvantage)
7-9,兼顾,jiāngù,"to attend simultaneously to two or more things; to balance (career and family, family and education etc)"
7-9,监管,jiānguǎn,to oversee; to take charge of; to supervise; to administer; supervisory; supervision
7-9,坚果,jiānguǒ,nut
7-9,监护,jiānhù,to act as a guardian
7-9,艰巨,jiānjù,arduous; formidable
7-9,监控,jiānkòng,to monitor
7-9,坚韧,jiānrèn,Tough and durable; tenacious
7-9,兼任,jiānrèn,to hold several jobs at once; concurrent post; working part-time
7-9,兼容,jiānróng,compatible
7-9,尖锐,jiānruì,sharp; acute; piercing (sound); pointed
7-9,坚实,jiānshí,firm and substantial; solid
7-9,艰险,jiānxiǎn,difficult and dangerous; hardships and perils
7-9,坚信,jiānxìn,to believe firmly; without any doubt
7-9,监狱,jiānyù,prison
7-9,奸诈,jiānzhà,treachery; devious; a rogue
7-9,拣,jiǎn,to choose; to pick; to sort out; to pick up
7-9,剪彩,jiǎncǎi,to cut the ribbon (at a launching or opening ceremony)
7-9,检察,jiǎnchá,to inspect; (law) to prosecute; to investigate
7-9,简称,jiǎnchēng,to be abbreviated to; abbreviation; short form
7-9,简短,jiǎnduǎn,"brief (statement, summary etc); briefly; brevity"
7-9,减负,jiǎnfù,to reduce the burden of
7-9,简洁,jiǎnjié,concise; succinct; pithy
7-9,简练,jiǎnliàn,laconic; tersely
7-9,简陋,jiǎnlòu,simple and crude; plain and inelaborate
7-9,减免,jiǎnmiǎn,"to reduce or waive (taxes, punishment, rent, tuition etc)"
7-9,检讨,jiǎntǎo,to examine or inspect; self-criticism; review
7-9,简体字,jiǎntǐzì,"simplified Chinese character, as opposed to traditional Chinese character 繁体字"
7-9,减退,jiǎntuì,decrease; to ebb; to recede; to wane
7-9,简易,jiǎnyì,simple and easy; simplistic; simplicity
7-9,贱,jiàn,inexpensive; lowly; despicable; (bound form) (humble) my
7-9,溅,jiàn,to splash
7-9,鉴别,jiànbié,to differentiate; to distinguish
7-9,间谍,jiàndié,spy
7-9,间断,jiànduàn,disconnected; interrupted; suspended; a gap; a break
7-9,见解,jiànjiě,opinion; view; understanding
7-9,健美,jiànměi,healthy and beautiful; to do fitness exercises; abbr. for 健美运动
7-9,鉴赏,jiànshǎng,to appreciate; to value (art, culture etc)
7-9,见识,jiànshi,to gain first-hand knowledge of sth; to experience for oneself; knowledge; experience; insight
7-9,践踏,jiàntà,to trample
7-9,见外,jiànwài,to treat sb with the formal courtesy accorded to a host or a guest
7-9,见闻,jiànwén,what one has seen and heard; knowledge; one's experience
7-9,间隙,jiànxì,gap;interval
7-9,见效,jiànxiào,to have the desired effect
7-9,鉴于,jiànyú,in view of; seeing that; considering; whereas
7-9,见证,jiànzhèng,to be witness to; witness; evidence
7-9,健壮,jiànzhuàng,robust; healthy; sturdy
7-9,姜,jiāng,surname Jiang; variant of 姜; ginger
7-9,僵,jiāng,rigid; deadlock; stiff (corpse); variant of 僵
7-9,僵化,jiānghuà,to become rigid
7-9,将就,jiāngjiu,make do with; put up with; accept (something inferior)
7-9,僵局,jiāngjú,impasse; deadlock
7-9,江山,jiāngshān,mountains and rivers; the country
7-9,僵硬,jiāngyìng,stiff; rigid
7-9,奖杯,jiǎngbēi,trophy cup
7-9,讲理,jiǎnglǐ,to argue; to reason
7-9,奖赏,jiǎngshǎng,reward; award; to reward
7-9,奖项,jiǎngxiàng,award; prize
7-9,降临,jiànglín,to descend; to arrive; to come
7-9,焦,jiāo,surname Jiao; burnt; scorched; charred; worried; anxious; coke; joule (abbr. for 耳)
7-9,交叉,jiāochā,to cross; to intersect; to overlap
7-9,交锋,jiāofēng,to cross swords; to have a confrontation (with sb)
7-9,交付,jiāofù,to hand over; to deliver
7-9,娇惯,jiāoguàn,to pamper; to coddle; to spoil
7-9,交互,jiāohù,interaction; reciprocal
7-9,交集,jiāojí,(of diverse emotions) to occur simultaneously; to intermingle; common ground; points of commonality; overlap; connection; interaction; dealings; (math.) (set theory) intersection
7-9,焦急,jiāojí,anxiety; anxious
7-9,交界,jiāojiè,common boundary; common border
7-9,交接,jiāojiē,(of two things) to come into contact; to meet; to hand over to; to take over from; to associate with; to have friendly relations with; to have sexual intercourse
7-9,交纳,jiāonà,to pay (taxes or dues)
7-9,胶囊,jiāonáng,(pharm.) capsule
7-9,娇气,jiāoqì,delicate; squeamish; finicky
7-9,交情,jiāoqing,personal relationship; friendship (usually between males)
7-9,交涉,jiāoshè,to negotiate (with); to have dealings (with)
7-9,交替,jiāotì,to replace; alternately; in turn
7-9,交响乐,jiāoxiǎngyuè,symphony
7-9,郊游,jiāoyóu,excursion; outing
7-9,焦躁,jiāozào,fretful; impatient
7-9,绞,jiǎo,to twist (strands into a thread); to entangle; to wring; to hang (by the neck); to turn; to wind; classifier for skeins of yarn
7-9,搅,jiǎo,to disturb; to annoy; to mix; to stir
7-9,缴,jiǎo,to hand in; to hand over; to seize
7-9,搅拌,jiǎobàn,to stir; to agitate
7-9,狡猾,jiǎohuá,crafty; cunning; sly
7-9,缴纳,jiǎonà,to pay (taxes etc)
7-9,脚踏实地,jiǎotāshídì,to be down-to-earth; realistic without flights of fancy
7-9,侥幸,jiǎoxìng,lucky; by chance
7-9,矫正,jiǎozhèng,to correct; to rectify (e.g. a physical defect such as hearing or vision); to cure; rectification; correction; to straighten
7-9,叫板,jiàobǎn,"to signal the musicians (in Chinese opera, by prolonging a spoken word before attacking a song); (coll.) to challenge"
7-9,叫好,jiàohǎo,to applaud; to cheer
7-9,较劲,jiàojìn,to match one's strength with; to compete; more competitive; to set oneself against sb; disobliging; to make a special effort
7-9,教科书,jiàokēshū,textbook;coursebook
7-9,较量,jiàoliàng,to pit oneself against sb; to compete with sb; contest; battle; to haggle; to quibble
7-9,教条,jiàotiáo,doctrine; dogma; creed; dogmatic
7-9,教养,jiàoyǎng,to educate; to bring up; to nurture; upbringing; breeding; culture
7-9,皆,jiē,all; each and every; in all cases
7-9,接班,jiēbān,to take over (from those working the previous shift); to take over (in a leadership role etc); to succeed sb
7-9,接班人,jiēbānrén,successor
7-9,阶层,jiēcéng,social class
7-9,揭发,jiēfā,to expose; to bring to light; to disclose; revelation
7-9,街坊,jiēfang,neighbor
7-9,接轨,jiēguǐ,railtrack connection; to integrate into sth; to dock; to connect; to be in step with; to bring into line with; to align
7-9,阶级,jiējí,(social) class
7-9,接济,jiējì,to give material assistance to
7-9,接见,jiējiàn,to receive sb; to grant an interview
7-9,接力,jiēlì,relay (race etc)
7-9,揭露,jiēlù,to expose; to unmask; to ferret out; to disclose; disclosure
7-9,揭示,jiēshì,to show; to make known
7-9,接手,jiēshǒu,to take over (duties etc); catcher (baseball etc)
7-9,接替,jiētì,to replace; to take over (a position or post)
7-9,阶梯,jiētī,ladder; flight of steps
7-9,揭晓,jiēxiǎo,to announce publicly; to publish; to make known; to disclose
7-9,洁白,jiébái,snow-white
7-9,劫持,jiéchí,to kidnap; to hijack; to abduct; to hold under duress
7-9,节俭,jiéjiǎn,frugal; economical
7-9,洁净,jiéjìng,clean; to cleanse
7-9,捷径,jiéjìng,short cut
7-9,结晶,jiéjīng,to crystallize; crystallization; crystal; crystalline; (fig.) the fruit (of labor etc)
7-9,结局,jiéjú,conclusion; ending
7-9,竭力,jiélì,to do one's utmost
7-9,节气,jiéqì,solar term
7-9,结识,jiéshí,to get to know sb; to meet sb for the first time
7-9,结算,jiésuàn,to settle a bill; to close an account
7-9,节制,jiézhì,to exercise restraint; to control
7-9,解除,jiěchú,to remove; to sack; to get rid of; to relieve (sb of their duties); to free; to lift (an embargo); to rescind (an agreement)
7-9,解雇,jiěgù,to fire; to sack; to dismiss; to terminate employment
7-9,解救,jiějiù,to rescue; to help out of difficulties; to save the situation
7-9,解剖,jiěpōu,to dissect (an animal); to analyze; anatomy
7-9,解散,jiěsàn,to dissolve; to disband
7-9,解体,jiětǐ,to break up into components; to disintegrate; to collapse; to crumble
7-9,解脱,jiětuō,to untie; to free; to absolve of; to get free of; to extirpate oneself; (Buddhism) to free oneself of worldly worries
7-9,解围,jiěwéi,to lift a siege; to help sb out of trouble or embarrassment
7-9,解析,jiěxī,to analyze; to resolve; (math.) analysis; analytic
7-9,解约,jiěyuē,to cancel or terminate (a contract)
7-9,戒,jiè,to guard against; to exhort; to admonish or warn; to give up or stop doing sth; Buddhist monastic discipline; ring (for a finger)
7-9,界,jiè,(bound form) boundary; border; (bound form) realm
7-9,戒备,jièbèi,to take precautions; to guard against (emergency)
7-9,界定,jièdìng,definition; to delimit
7-9,借口,jièkǒu,excuse; pretext
7-9,介入,jièrù,to intervene; to get involved
7-9,借条,jiètiáo,receipt for a loan; IOU
7-9,界限,jièxiàn,boundary
7-9,界线,jièxiàn,limits; bounds; dividing line
7-9,介意,jièyì,mind; to care
7-9,借用,jièyòng,to borrow sth for another use; to borrow an idea for one's own use
7-9,禁不住,jīnbuzhù,can't help it; can't bear it
7-9,尽,jǐn,to the greatest extent; (when used before a noun of location) furthest or extreme; to be within the limits of; to give priority to
7-9,紧凑,jǐncòu,compact; terse; tight (schedule)
7-9,紧迫,jǐnpò,pressing; urgent
7-9,锦旗,jǐnqí,silk banner (as an award or gift)
7-9,紧缺,jǐnquē,in short supply; scarce
7-9,紧缩,jǐnsuō,(economics) to reduce; to curtail; to cut back; to tighten; austerity; tightening; crunch
7-9,尽早,jǐnzǎo,as early as possible
7-9,进程,jìnchéng,course of events; process
7-9,进攻,jìngōng,to attack; to assault; to go on the offensive; attack; assault; offense (sports)
7-9,晋级,jìnjí,to advance to a higher level
7-9,禁忌,jìnjì,taboo; contraindication (medicine); to abstain from
7-9,进军,jìnjūn,to advance; to march toward (a destination or goal); to march into
7-9,浸泡,jìnpào,to steep; to soak; to immerse
7-9,尽情,jìnqíng,as much as one likes
7-9,禁区,jìnqū,restricted area; forbidden region
7-9,晋升,jìnshēng,to promote to a higher position
7-9,尽头,jìntóu,end; extremity; limit
7-9,劲头,jìntóu,enthusiasm; zeal; vigor; strength
7-9,进修,jìnxiū,to undertake advanced studies; to take a refresher course
7-9,茎,jīng,stalk; stem
7-9,经,jīng,surname Jing; classics; sacred book; scripture; to pass through; to undergo; to bear; to endure; warp (textile); longitude; menstruation; channel (TCM); abbr. for economics 经济
7-9,精,jīng,essence; extract; vitality; energy; semen; sperm; mythical goblin spirit; highly perfected; elite; the pick of sth; proficient (refined ability); extremely (fine); selected rice (archaic)
7-9,鲸,jīng,whale
7-9,惊动,jīngdòng,to startle; to alarm; to fluster
7-9,经度,jīngdù,longitude
7-9,经费,jīngfèi,funds; expenditure
7-9,精华,jīnghuá,best feature; most important part of an object; quintessence; essence; soul
7-9,惊慌,jīnghuāng,to panic; to be alarmed
7-9,荆棘,jīngjí,thistles and thorns; brambles; thorny undergrowth
7-9,精练,jīngliàn,(textiles) to scour; to degum (silk); variant of 精炼
7-9,经贸,jīngmào,trade
7-9,精密,jīngmì,accuracy; exact; precise; refined
7-9,精妙,jīngmiào,exquisite; fine and delicate (usu. of works of art)
7-9,精明,jīngmíng,astute; shrewd; smart
7-9,精品,jīngpǐn,quality goods; premium product; fine work (of art)
7-9,惊奇,jīngqí,to be amazed; to be surprised; to wonder
7-9,精巧,jīngqiǎo,exquisite; ingenious and solid or fine in workmanship
7-9,精神病,jīngshénbìng,mental disorder; psychosis
7-9,经受,jīngshòu,to undergo (hardship); to endure; to withstand
7-9,精髓,jīngsuǐ,essence; quintessence
7-9,惊叹,jīngtàn,to exclaim in admiration; a gasp of surprise
7-9,精细,jīngxì,fine; meticulous; careful
7-9,惊吓,jīngxià,to frighten; to scare
7-9,晶莹,jīngyíng,sparkling and translucent
7-9,精英,jīngyīng,cream; elite; essence; quintessence
7-9,精益求精,jīngyìqiújīng,to perfect sth that is already outstanding (idiom); constantly improving
7-9,精湛,jīngzhàn,consummate; masterly; perfect
7-9,警报,jǐngbào,alarm; alert
7-9,井底之蛙,jǐngdǐzhīwā,frog at the bottom of a well (idiom); narrow-minded and ignorant
7-9,警戒,jǐngjiè,to keep a watch; to guard
7-9,警犬,jǐngquǎn,police dog; sniffer dog
7-9,警示,jǐngshì,warning; to warn
7-9,警惕,jǐngtì,to be on the alert; vigilant; alert; on guard; to warn
7-9,警钟,jǐngzhōng,alarm; alert
7-9,竟,jìng,unexpectedly; actually; to go so far as to; indeed
7-9,敬爱,jìng’ài,to respect and love; to hold in high esteem
7-9,境地,jìngdì,circumstances
7-9,净化,jìnghuà,to purify
7-9,竞技,jìngjì,competition of skill (e.g. sports); athletics tournament
7-9,境内,jìngnèi,"within the borders; internal (to a country, province, city etc); domestic"
7-9,敬佩,jìngpèi,to esteem; to admire
7-9,敬请,jìngqǐng,please (do sth) (deferential form)
7-9,境外,jìngwài,outside (a country's) borders
7-9,敬畏,jìngwèi,revere
7-9,竞相,jìngxiāng,competitive; eagerly; to vie
7-9,竞选,jìngxuǎn,to take part in an election; to run for office
7-9,敬业,jìngyè,dedicated to one's work
7-9,敬意,jìngyì,respect; esteem; high regard
7-9,境遇,jìngyù,circumstance
7-9,静止,jìngzhǐ,still; immobile; static; stationary
7-9,敬重,jìngzhòng,to respect deeply; to revere; to esteem
7-9,窘迫,jiǒngpò,embarrassed; ill at ease; straitened; embarrassed; ill at ease; straitened
7-9,揪,jiū,to seize; to clutch; to grab firmly and pull
7-9,纠缠,jiūchán,to be in a tangle; to nag
7-9,酒楼,jiǔlóu,restaurant
7-9,久违,jiǔwéi,(haven't done sth) for a long time; a long time since we last met
7-9,就餐,jiùcān,to dine
7-9,就此,jiùcǐ,at this point
7-9,就地,jiùdì,locally; on the spot
7-9,救济,jiùjì,emergency relief; to help the needy with cash or goods
7-9,就近,jiùjìn,nearby; in a close neighborhood
7-9,就任,jiùrèn,to take office; to assume a post
7-9,就绪,jiùxù,ready
7-9,就医,jiùyī,to receive medical treatment
7-9,就诊,jiùzhěn,to see a doctor; to seek medical advice
7-9,就职,jiùzhí,to take office; to assume a post
7-9,救治,jiùzhì,to treat (a patient); to give medical treatment
7-9,就座,jiùzuò,to take a seat
7-9,鞠躬,jūgōng,to bow; (literary) to bend down
7-9,拘留,jūliú,to detain (a prisoner); to keep sb in custody
7-9,拘束,jūshù,restrain
7-9,居于,jūyú,hold
7-9,举报,jǔbào,to report (malefactors to the police); to denounce
7-9,举措,jǔcuò,move; act; measure
7-9,咀嚼,jǔjué,to chew; to think over
7-9,沮丧,jǔsàng,dispirited; dejected; dismayed
7-9,举止,jǔzhǐ,bearing; manner; mien
7-9,举重,jǔzhòng,to lift weights; weight-lifting (sports)
7-9,巨额,jù’é,large sum (of money); a huge amount
7-9,聚焦,jùjiāo,focus on; centralize
7-9,剧目,jùmù,theatrical piece (play or opera); repertoire; list of plays or operas
7-9,剧情,jùqíng,story line; plot; drama (genre)
7-9,巨人,jùrén,giant
7-9,巨头,jùtóu,"tycoon; magnate; big player (including company, country, school etc); big shot"
7-9,圈,juān,to confine; to lock up; to pen in
7-9,捐献,juānxiàn,to donate; to contribute; donation; contribution
7-9,卷入,juǎnrù,to be drawn into; to be involved in
7-9,圈,juàn,livestock enclosure; pen; fold; sty
7-9,绝,jué,to cut short; extinct; to disappear; to vanish; absolutely; by no means; variant of 绝
7-9,绝技,juéjì,consummate skill; supreme feat; tour-de-force; stunt
7-9,绝迹,juéjì,extinct; disappear
7-9,倔强,juéjiàng,stubborn; obstinate; unbending
7-9,崛起,juéqǐ,to rise abruptly (to a towering position); to tower over; to spring up; to emerge suddenly; the emergence (e.g. of a power)
7-9,诀窍,juéqiào,secret; trick; knack; key
7-9,觉悟,juéwù,to come to understand; to realize; consciousness; awareness; Buddhist enlightenment (Sanskrit: cittotpāda)
7-9,觉醒,juéxǐng,to awaken; to come to realize
7-9,决议,juéyì,a resolution; to pass a resolution
7-9,抉择,juézé,choice
7-9,角逐,juézhú,to tussle; to contend; to contest
7-9,倔,juè,gruff; surly
7-9,均,jūn,equal; uniform; same
7-9,军官,jūnguān,officer (military)
7-9,军事,jūnshì,military affairs; (attributive) military
7-9,君子,jūnzǐ,nobleman; person of noble character
7-9,俊,jùn,old variant of 俊; smart; eminent; handsome; talented; variant of 俊
7-9,竣工,jùngōng,to complete a project
7-9,骏马,jùnmǎ,fine horse; steed
7-9,俊俏,jùnqiào,attractive and intelligent; charming; elegant
7-9,卡车,kǎchē,truck
7-9,卡通,kǎtōng,cartoon (loanword)
7-9,开办,kāibàn,to open; to start (a business etc); to set up
7-9,开采,kāicǎi,to extract (ore or other resource from a mine); to exploit; to mine
7-9,开场白,kāichǎngbái,"prologue of play; opening remarks; preamble (of speeches, articles etc)"
7-9,开除,kāichú,to expel (a member of an organization); to fire (an employee)
7-9,开动,kāidòng,start; sent in motion
7-9,开发区,kāifāqū,development zone
7-9,开发商,kāifāshāng,"developer (of real estate, a commercial product etc)"
7-9,开工,kāigōng,to begin work (of a factory or engineering operation); to start a construction job
7-9,开垦,kāikěn,to clear a wild area for cultivation; to put under the plow
7-9,开朗,kāilǎng,spacious and well-lit; open and clear; (of character) optimistic; cheerful; carefree
7-9,开明,kāimíng,enlightened; open-minded; enlightenment
7-9,开辟,kāipì,to open up; to set up; to establish
7-9,开庭,kāitíng,open a court case
7-9,开拓,kāituò,to break new ground (for agriculture); to open up (a new seam); to develop (border regions); fig. to open up (new horizons)
7-9,开销,kāixiāo,to pay (expenses); expenses; (old) to dismiss (an employee)
7-9,开张,kāizhāng,to open a business; first transaction of a business day
7-9,开支,kāizhī,expenditures; expenses; to spend money; (coll.) to pay wages
7-9,楷模,kǎimó,model; example
7-9,凯旋,kǎixuán,triumphantly return; return in glory
7-9,堪称,kānchēng,can be called; may be regarded as; worthy of being called
7-9,刊登,kāndēng,to carry a story; to publish (in a newspaper or magazine)
7-9,看守,kānshǒu,guard; to watch over; to keep under guard
7-9,勘探,kāntàn,to explore; to survey; to prospect (for oil etc); prospecting
7-9,刊物,kānwù,publication
7-9,砍伐,kǎnfá,to cut down (trees); to fell
7-9,侃侃而谈,kǎnkǎn’értán,to chat and talk freely
7-9,慷慨,kāngkǎi,vehement; fervent; generous; magnanimous
7-9,看管,kānguǎn,to look after
7-9,扛,káng,"to carry on one's shoulder; (fig.) to take on (a burden, duty etc)"
7-9,抗衡,kànghéng,to compete with; to vie with; to counter
7-9,抗拒,kàngjù,to resist; to defy; to oppose
7-9,抗生素,kàngshēngsù,antibiotic
7-9,抗议,kàngyì,to protest; protest
7-9,抗争,kàngzhēng,to resist; to make a stand and fight (against)
7-9,考查,kǎochá,to inspect; to examine; to investigate
7-9,考量,kǎoliáng,to consider; to give serious consideration to sth; consideration
7-9,磕,kē,"to tap; to knock (against sth hard); to knock (mud from boots, ashes from a pipe etc)"
7-9,苛刻,kēkè,harsh; severe; demanding
7-9,颗粒,kēlì,granule; grain; pellet
7-9,壳,ké,shell; carapace; crust (earth's crust etc); also pr. [ké]
7-9,可悲,kěbēi,lamentable
7-9,可不是,kěbúshi,that's just the way it is; exactly!
7-9,可乘之机,kěchéngzhījī,an opportunity that someone (usually a villain or adversary) can exploit
7-9,可观,kěguān,considerable; impressive; significant
7-9,可贵,kěguì,to be treasured; praiseworthy
7-9,可谓,kěwèi,it could even be said
7-9,可恶,kěwù,repulsive; vile; hateful; abominable
7-9,可笑,kěxiào,funny; ridiculous
7-9,可疑,kěyí,suspicious; dubious
7-9,客房,kèfáng,guest room; room (in a hotel)
7-9,刻画,kèhuà,portray; to depict
7-9,客机,kèjī,passenger plane
7-9,刻苦,kèkǔ,hardworking; assiduous
7-9,客流,kèliú,passenger flow; customer flow
7-9,刻意,kèyì,intentionally; deliberately; purposely; painstakingly; meticulously
7-9,客运,kèyùn,passenger transportation; (Tw) intercity bus
7-9,克制,kèzhì,to restrain; to control; restraint; self-control
7-9,啃,kěn,to gnaw; to nibble; to bite
7-9,坑,kēng,pit; depression; hollow; tunnel; hole in the ground; (archaic) to bury alive; to hoodwink; to cheat (sb); variant of 坑
7-9,空荡荡,kōngdàngdàng,empty; deserted
7-9,空洞,kōngdòng,cavity; empty; vacuous
7-9,空间站,kōngjiānzhàn,spaceport
7-9,空军,kōngjūn,air force
7-9,空难,kōngnàn,air crash; aviation accident or incident
7-9,空前,kōngqián,unprecedented
7-9,空想,kōngxiǎng,daydream; fantasy; to fantasize
7-9,空虚,kōngxū,hollow; emptiness; meaningless
7-9,孔,kǒng,surname Kong; hole; classifier for cave dwellings
7-9,恐吓,kǒnghè,to threaten; to menace
7-9,恐慌,kǒnghuāng,panic; panicky; panic-stricken
7-9,恐龙,kǒnglóng,dinosaur
7-9,空白,kòngbái,blank space
7-9,控告,kònggào,to accuse; to charge; to indict
7-9,空隙,kòngxì,crack; gap between two objects; gap in time between two events
7-9,抠,kōu,to dig out; to pick out (with one's fingers); to carve; to cut; to study meticulously; to lift one's clothes; stingy; miserly
7-9,口碑,kǒubēi,public praise; public reputation; commonly held opinions; current idiom
7-9,口才,kǒucái,eloquence
7-9,口吃,kǒuchī,to stammer; to stutter; Taiwan pr. [kǒu jí]
7-9,口径,kǒujìng,bore; caliber; diameter; aperture; (fig.) stance (on an issue); version (of events); account; narrative; line
7-9,口令,kǒulìng,oral command; a word of command (used in drilling troops or gymnasts); password (used by sentry)
7-9,口气,kǒuqì,tone of voice; the way one speaks; manner of expression; tone
7-9,口哨儿,kǒushàor,whistling
7-9,口水,kǒushuǐ,saliva
7-9,口头禅,kǒutóuchán,mantra; favourite saying
7-9,口香糖,kǒuxiāngtáng,chewing gum
7-9,口音,kǒuyīn,oral speech sounds (linguistics)
7-9,口罩,kǒuzhào,mask
7-9,口子,kǒuzi,hole; opening; cut; gap; gash; my husband or wife; classifier for people (used for indicating the number of people in a family etc); precedent
7-9,扣留,kòuliú,to detain; to arrest; to hold; to confiscate
7-9,扣押,kòuyā,to detain; to hold in custody; to distrain; to seize property
7-9,枯竭,kūjié,exhausted
7-9,窟窿,kūlong,hole; pocket; cavity; loophole; debt
7-9,苦难,kǔnàn,suffering
7-9,苦恼,kǔnǎo,vexed; distressed
7-9,苦涩,kǔsè,bitter; acrid; astringent
7-9,苦笑,kǔxiào,to force a smile; a bitter laugh
7-9,苦心,kǔxīn,painstaking effort; to take a lot of trouble; laborious at pains
7-9,库存,kùcún,stock; stockpile
7-9,酷似,kùsì,to strikingly resemble
7-9,夸大,kuādà,to exaggerate
7-9,夸耀,kuāyào,to brag about; to flaunt
7-9,垮,kuǎ,to collapse (lit. or fig.)
7-9,挎,kuà,to carry on one's shoulder
7-9,跨,kuà,to step across; to stride over; to straddle; to span
7-9,跨度,kuàdù,span; scope; range
7-9,跨国,kuàguó,transnational; multinational
7-9,跨越,kuàyuè,to step across; step over
7-9,宽敞,kuānchang,spacious; wide
7-9,宽泛,kuānfàn,wide-ranging
7-9,宽广,kuānguǎng,wide; broad; extensive; vast
7-9,宽厚,kuānhòu,tolerant; generous; magnanimous; thick and broad (build); thick and deep (voice)
7-9,宽阔,kuānkuò,expansive; wide; width; thickness
7-9,宽容,kuānróng,lenient; tolerant; indulgent; charitable; to forgive
7-9,宽恕,kuānshù,to forgive; forgiveness
7-9,宽松,kuānsōng,spacious; roomy; uncrowded; (of clothes) loose and comfortable; relaxed; free of worry; well-off; affluent
7-9,款待,kuǎndài,to entertain; to be hospitable to
7-9,款项,kuǎnxiàng,funds; a sum of money
7-9,筐,kuāng,basket
7-9,狂,kuáng,crazy; wild; fervent; enthusiastic
7-9,狂欢,kuánghuān,party; carousal; hilarity; merriment; whoopee; to carouse
7-9,矿,kuàng,mineral deposit; ore deposit; ore; a mine; variant of 矿
7-9,框,kuàng,frame (e.g. door frame); casing; fig. framework; template; to circle (i.e. draw a circle around sth); to frame; to restrict; Taiwan pr. [kuāng]
7-9,矿藏,kuàngcáng,mineral resources
7-9,矿产,kuàngchǎn,mineral products; mineral resources
7-9,框架,kuàngjià,(construction) frame; (fig.) framework
7-9,亏本,kuīběn,to make a loss
7-9,亏待,kuīdài,to treat sb unfairly
7-9,捆,kǔn,a bunch; to tie together; bundle; variant of 捆
7-9,困惑,kùnhuò,bewildered; perplexed; confused; difficult problem; perplexity
7-9,困境,kùnjìng,predicament; plight
7-9,扩,kuò,to enlarge
7-9,扩充,kuòchōng,to expand
7-9,阔绰,kuòchuò,ostentatious; extravagant; liberal with money
7-9,括号,kuòhào,parentheses; brackets
7-9,扩建,kuòjiàn,"to extend (a building, an airport runway etc)"
7-9,扩张,kuòzhāng,expansion; dilation; to expand (e.g. one's power or influence); to broaden
7-9,拉动,lādòng,to pull; (fig.) to stimulate (economic activity); to motivate (people to do sth)
7-9,啦啦队,lālāduì,cheerleading squad
7-9,拉链,lāliàn,zipper
7-9,拉拢,lālǒng,to rope in; fig. to involve sb; to entice
7-9,喇叭,lǎba,horn (automobile etc); loudspeaker; brass wind instrument; trumpet; suona 锁呐
7-9,蜡,là,candle; wax
7-9,蜡烛,làzhú,candle
7-9,来宾,láibīn,Laibin prefecture-level city in Guangxi; guest; visitor
7-9,来电,láidiàn,"incoming telephone call (or telegram); to phone in; to send in a telegram; to have an instant attraction to sb; (of electricity, after an outage) to come back"
7-9,来访,láifǎng,to pay a visit
7-9,来回,láihuí,to make a round trip; return journey; back and forth; to and fro; repeatedly
7-9,来历,láilì,history; antecedents; origin
7-9,来年,láinián,next year; the coming year
7-9,栏杆,lángān,railing; banister
7-9,栏目,lánmù,regular column or segment (in a publication or broadcast program); program (TV or radio)
7-9,蓝图,lántú,blueprint
7-9,揽,lǎn,to monopolize; to seize; to take into one's arms; to embrace; to fasten (with a rope etc); to take on (responsibility etc); to canvass
7-9,懒得,lǎnde,not to feel like (doing sth); disinclined to
7-9,懒惰,lǎnduò,idle; lazy
7-9,滥用,lànyòng,to misuse; to abuse
7-9,狼狈,lángbèi,in a sorry plight; embarrassed; in a difficult position
7-9,唠叨,láodao,to prattle; to chatter away; to nag; garrulous; nagging
7-9,牢固,láogù,firm; secure
7-9,牢记,láojì,to keep in mind; to remember
7-9,劳驾,láojià,excuse me
7-9,牢牢,láoláo,firmly; safely
7-9,劳累,láolèi,tired; exhausted; worn out; to toil
7-9,牢骚,láosāo,discontent; complaint; to complain
7-9,劳务,láowù,"service (work done for money); services (as in ""goods and services"")"
7-9,老伴儿,lǎobànr,erhua variant of 老伴; (coll.) (of an old couple) husband or wife
7-9,老大,lǎodà,old age; very; eldest child in a family; leader of a group; boss; captain of a boat; leader of a criminal gang
7-9,老人家,lǎorenjia,polite term for old woman or man
7-9,老乡,lǎoxiāng,fellow townsman; fellow villager; sb from the same hometown
7-9,老字号,lǎozìhao,time-honored brand
7-9,涝,lào,flooded
7-9,乐意,lèyì,to be willing to do sth; to be ready to do sth; to be happy to do sth; content; satisfied
7-9,乐园,lèyuán,paradise
7-9,雷达,léidá,radar (loanword)
7-9,雷同,léitóng,mirroring others; identical
7-9,累赘,léizhui,burden
7-9,累计,lěijì,to calculate the running total; cumulative; total; in total
7-9,累积,lěijī,to accumulate
7-9,棱角,léngjiǎo,edge and corner; protrusion; sharpness (of a protrusion); craggy; ridge corner
7-9,冷淡,lěngdàn,cold; indifferent
7-9,冷冻,lěngdòng,to freeze; to deep-freeze
7-9,冷酷,lěngkù,unfeeling; callous
7-9,冷落,lěngluò,desolate; unfrequented; to treat sb coldly; to snub; to cold shoulder
7-9,冷门,lěngmén,"a neglected branch (of arts, science, sports etc); fig. a complete unknown who wins a competition"
7-9,冷漠,lěngmò,indifference
7-9,冷气,lěngqì,air conditioning (Tw)
7-9,冷战,lěngzhàn,(US-Soviet) Cold War; cold war; (fig.) strained relationship; to be barely on speaking terms
7-9,愣,lèng,to look distracted; to stare blankly; distracted; blank; (coll.) unexpectedly; rash; rashly
7-9,黎明,límíng,dawn; daybreak
7-9,离谱儿,lípǔr,out of line; absurd
7-9,离奇,líqí,odd; bizarre
7-9,礼服,lǐfú,"ceremonial robe; formal attire (dinner suit, evening gown etc)"
7-9,理会,lǐhuì,to understand; to pay attention to; to take notice of
7-9,礼节,lǐjié,etiquette
7-9,礼品,lǐpǐn,gift; present
7-9,礼尚往来,lǐshàngwǎnglái,
7-9,理事,lǐshì,member of council; (literary) to take care of matters
7-9,理所当然,lǐsuǒdāngrán,as it should be by rights (idiom); proper and to be expected as a matter of course; inevitable and right
7-9,礼堂,lǐtáng,assembly hall; auditorium
7-9,礼仪,lǐyí,etiquette; ceremony
7-9,鲤鱼,lǐyú,carp; cyprinoid
7-9,立案,lì’àn,register
7-9,利弊,lìbì,pros and cons; advantages and disadvantages; gains and losses
7-9,历程,lìchéng,course; process
7-9,历代,lìdài,successive generations; successive dynasties; past dynasties
7-9,立法,lìfǎ,legislation
7-9,立方米,lìfāngmǐ,cubic meter (unit of volume)
7-9,立功,lìgōng,to render meritorious service (one the three imperishables 朽); to make worthy contributions; to distinguish oneself
7-9,利害,lìhài,pros and cons; advantages and disadvantages; gains and losses
7-9,立交桥,lìjiāoqiáo,overpass; flyover
7-9,历届,lìjiè,"all previous (meetings, sessions etc)"
7-9,历来,lìlái,always; throughout (a period of time); (of) all-time
7-9,莅临,lìlín,to come; to be present (polite, used when sb visits)
7-9,利率,lìlǜ,interest rates
7-9,力求,lìqiú,to make every effort to; striving to do one's best
7-9,历时,lìshí,to last; to take (time); period; diachronic
7-9,利索,lìsuo,nimble
7-9,立体,lìtǐ,three-dimensional; solid; stereoscopic
7-9,励志,lìzhì,to pursue a goal with determination; inspirational; motivational
7-9,立足,lìzú,to stand; to have a footing; to be established; to base oneself on
7-9,连贯,liánguàn,link up; piece together; hang together
7-9,联欢,liánhuān,joint celebration
7-9,廉价,liánjià,cheaply-priced; low-cost
7-9,联络,liánluò,to get in touch with; to contact; to stay in contact (with); liaison; (math.) connection
7-9,联盟,liánméng,alliance; union; coalition
7-9,连绵,liánmián,"continuous; unbroken; uninterrupted; extending forever into the distance (of mountain range, river etc)"
7-9,连年,liánnián,successive years; over many years
7-9,连任,liánrèn,to continue in (a political) office; to serve for another term of office
7-9,联赛,liánsài,(sports) league; league tournament
7-9,联手,liánshǒu,lit. to join hands; to act together
7-9,连锁,liánsuǒ,to interlock; to be linked; chain (store etc)
7-9,连同,liántóng,together with; along with
7-9,怜惜,liánxī,to take pity on; to feel tenderness toward
7-9,廉正,liánzhèng,upright and honest; integrity
7-9,帘子,liánzi,curtain
7-9,莲子,liánzǐ,lotus seed
7-9,脸颊,liǎnjiá,cheek
7-9,炼,liàn,"to refine; to smelt; variant of 链, chain; variant of 炼"
7-9,良,liáng,good; very; very much
7-9,良心,liángxīn,conscience
7-9,良性,liángxìng,positive (in its effect); leading to good consequences; virtuous; (medicine) benign (tumor etc)
7-9,两口子,liǎngkǒuzi,husband and wife
7-9,两栖,liǎngqī,amphibious; dual-talented; able to work in two different lines
7-9,两手,liǎngshǒu,"one's two hands; two prongs (of a strategy); both aspects, eventualities etc; skills; expertise"
7-9,两下子,liǎngxiàzi,flair
7-9,两翼,liǎngyì,"wings; (fig.) two wings, i.e. both sides (in a debate etc)"
7-9,亮点,liàngdiǎn,highlight; bright spot
7-9,量化,liànghuà,quantitative
7-9,谅解,liàngjiě,to understand; to make allowances for; understanding
7-9,亮丽,liànglì,bright and beautiful
7-9,亮相,liàngxiàng,to make one's debut; to appear
7-9,潦草,liáocǎo,slipshod; careless; slovenly; (of handwriting) scrawly; illegible
7-9,辽阔,liáokuò,vast; extensive
7-9,疗效,liáoxiào,healing efficacy; healing effect
7-9,疗养,liáoyǎng,to recuperate
7-9,了结,liǎojié,to settle; to finish; to conclude; to wind up
7-9,裂,liè,to split; to crack; to break open; to rend
7-9,裂缝,lièfèng,crack; crevice
7-9,裂痕,lièhén,crack; gap; split
7-9,列举,lièjǔ,a list; to list; to enumerate
7-9,猎人,lièrén,hunter
7-9,烈日,lièrì,scorching sun
7-9,劣势,lièshì,inferior; disadvantaged
7-9,烈士,lièshì,martyr
7-9,猎物,lièwù,prey
7-9,劣质,lièzhì,shoddy; of poor quality
7-9,临,lín,to face; to overlook; to arrive; to be (just) about to; just before
7-9,临床,línchuáng,clinical
7-9,临街,línjiē,facing the street
7-9,临近,línjìn,close to; approaching
7-9,吝啬,lìnsè,stingy; mean; miserly
7-9,灵,líng,quick; alert; efficacious; effective; to come true; spirit; departed soul; coffin
7-9,灵感,línggǎn,inspiration; insight; a burst of creativity in scientific or artistic endeavor
7-9,零件,língjiàn,part; component
7-9,灵敏,língmǐn,smart; clever; sensitive; keen; quick; sharp
7-9,灵巧,língqiǎo,deft; nimble; ingenious
7-9,零售,língshòu,to retail; to sell individually or in small quantities
7-9,零碎,língsuì,fragmentary; random; bits and pieces; sporadic
7-9,聆听,língtīng,to listen attentively
7-9,灵通,língtōng,fast and abundant (news); clever; effective
7-9,零星,língxīng,fragmentary; random; bits and pieces; sporadic
7-9,领队,lǐngduì,to lead a group; leader of a group; captain (of sports squad)
7-9,领会,lǐnghuì,to understand; to comprehend; to grasp
7-9,领军,lǐngjūn,to lead; commander; leader
7-9,领事馆,lǐngshìguǎn,consulate
7-9,领土,lǐngtǔ,territory
7-9,领悟,lǐngwù,to understand; to comprehend
7-9,领袖,lǐngxiù,leader
7-9,领养,lǐngyǎng,to adopt (a child); adoption
7-9,流畅,liúchàng,"flowing (of speech, writing); fluent; smooth and easy"
7-9,流浪,liúlàng,to drift about; to wander; to roam; nomadic; homeless; unsettled (e.g. population); vagrant
7-9,留恋,liúliàn,reluctant to leave; to hate to have to go; to recall fondly
7-9,流露,liúlù,"to reveal (indirectly, implicitly); to show (interest, contempt etc) by means of one's actions, tone of voice etc"
7-9,流氓,liúmáng,rogue; hoodlum; gangster; immoral behavior
7-9,留念,liúniàn,to keep as a souvenir; to recall fondly
7-9,流派,liúpài,a sect; a school
7-9,留神,liúshén,to take care; to be careful
7-9,流逝,liúshì,to flow away; to pass (of time)
7-9,流失,liúshī,"(of soil etc) to wash away; to be eroded; (fig.) (of talented staff, followers of a religious faith, investment funds etc) to go elsewhere; to fail to be retained"
7-9,流淌,liútǎng,to flow
7-9,流向,liúxiàng,direction of a current; direction of flow; to flow toward
7-9,留心,liúxīn,to be careful
7-9,流血,liúxuè,to bleed; to shed blood
7-9,留意,liúyì,to be mindful; to pay attention to; to take note of
7-9,流域,liúyù,river basin; valley; drainage area
7-9,流转,liúzhuǎn,to be on the move; to roam or wander; to circulate (of goods or capital)
7-9,遛,liù,to stroll; to walk (an animal)
7-9,聋,lóng,deaf
7-9,龙头,lóngtóu,tap; faucet
7-9,隆重,lóngzhòng,grand; prosperous; ceremonious; solemn
7-9,笼子,lóngzi,cage; basket; container
7-9,垄断,lǒngduàn,to monopolize
7-9,笼统,lǒngtǒng,general; broad; sweeping; lacking in detail; vague
7-9,笼罩,lǒngzhào,to envelop; to shroud
7-9,搂,lǒu,to hug; to embrace; to hold in one's arms
7-9,露面,lòumiàn,to show one's face; to appear (in public)
7-9,炉子,lúzi,stove; oven; furnace
7-9,鲁莽,lǔmǎng,reckless; rash; impulsive
7-9,卤味,lǔwèi,food prepared by stewing in soy sauce and spices; variant of 卤味
7-9,露,lù,surname Lu; dew; syrup; nectar; outdoors (not under cover); to show; to reveal; to betray; to expose
7-9,路段,lùduàn,stretch of road; section of a highway or railway
7-9,路径,lùjìng,path; way; route
7-9,陆军,lùjūn,army; ground forces
7-9,露天,lùtiān,outdoors; al fresco; in the open
7-9,路子,lùzi,method; way; approach
7-9,屡,lǚ,time and again; repeatedly; frequently
7-9,缕,lǚ,"strand; thread; detailed; in detail; classifier for wisps (of smoke, mist or vapor), strands, locks (of hair)"
7-9,屡次,lǚcì,repeatedly; time and again
7-9,屡屡,lǚlǚ,repeatedly
7-9,绿地,lǜdì,green area (e.g. urban park or garden)
7-9,绿洲,lǜzhōu,oasis
7-9,孪生,luánshēng,(adj.) twin
7-9,卵,luǎn,egg; ovum; spawn; (coll.) testicles; (old) penis; (expletive) fucking
7-9,乱七八糟,luànqībāzāo,(idiom) chaotic; in disorder; muddled
7-9,抡,lūn,to wield; to swing
7-9,轮换,lúnhuàn,to rotate; to take turns
7-9,轮廓,lúnkuò,an outline; silhouette
7-9,伦理,lúnlǐ,ethics
7-9,轮胎,lúntāi,tire; pneumatic tire
7-9,论证,lùnzhèng,to prove a point; to expound on; to demonstrate or prove (through argument); proof
7-9,啰唆,luōsuo,variant of 啰嗦
7-9,萝卜,luóbo,"radish (Raphanus sativus), esp. white radish 白萝卜"
7-9,螺丝,luósī,screw
7-9,裸,luǒ,variant of 裸; naked
7-9,裸露,luǒlù,naked; bare; uncovered; exposed
7-9,裸体,luǒtǐ,naked body; nude
7-9,落差,luòchā,"drop in elevation; (fig.) gap (in wages, expectations etc); disparity"
7-9,落成,luòchéng,to complete a construction project
7-9,落户,luòhù,to settle; to set up home
7-9,落实,luòshí,practical; workable; to implement; to carry out; to decide
7-9,麻,má,"variant of 麻; hemp; surname Ma; generic name for hemp, flax etc; hemp or flax fiber for textile materials; sesame; (of materials) rough or coarse; pocked; pitted; to have pins and needles or tingling; to feel numb"
7-9,麻痹,mábì,paralysis; palsy; numbness; to benumb; (fig.) to lull; negligent; apathetic
7-9,麻将,májiàng,mahjong
7-9,麻辣,málà,hot and numbing
7-9,麻木,mámù,numb
7-9,麻醉,mázuì,anesthesia; to anesthetize; (fig.) to corrupt (sb's mind); to enervate; to numb the mind (to escape from harsh reality)
7-9,马后炮,mǎhòupào,lit. firing after the horse; fig. belated action; giving advice in hindsight
7-9,马力,mǎlì,horsepower
7-9,马桶,mǎtǒng,chamber pot; wooden pan used as toilet; toilet bowl
7-9,埋藏,máicáng,to bury; to hide by burying; hidden
7-9,埋伏,máifú,to ambush; to lie in wait for; to lie low; ambush
7-9,埋没,máimò,to engulf; to bury; to overlook; to stifle; to neglect; to fall into oblivion
7-9,埋葬,máizàng,to bury
7-9,脉搏,màibó,pulse (both medical and figurative)
7-9,脉络,màiluò,"arteries and veins; network of blood vessels; vascular system (of a plant or animal); (fig.) fabric (i.e. underlying structure, as in ""social fabric""); overall context"
7-9,埋怨,mányuàn,to complain; to grumble (about); to reproach; to blame
7-9,满怀,mǎnhuái,to have one's heart filled with; (to collide) full on; (of farm animals) heavy with young
7-9,漫,màn,to overflow; to be submerged; uninhibited; unrestrained; to indulge; to be neglectful of;漫; boundless; vast and obscure
7-9,慢性,mànxìng,slow and patient; chronic (disease); slow to take effect (e.g. a slow poison)
7-9,蔓延,mànyán,to extend; to spread
7-9,漫游,mànyóu,to travel around; to roam; (mobile telephony) roaming
7-9,忙活,mánghuo,to be really busy; pressing business
7-9,茫茫,mángmáng,boundless; vast and obscure
7-9,盲目,mángmù,blind; blindly; ignorant; lacking understanding
7-9,茫然,mángrán,blankly; vacantly; at a loss
7-9,矛头,máotóu,spearhead; barb; an attack or criticism
7-9,冒充,màochōng,to feign; to pretend to be; to pass oneself off as
7-9,冒犯,màofàn,to offend
7-9,冒昧,màomèi,bold; presumptuous; to take the liberty of
7-9,茂密,màomì,dense (of plant growth); lush
7-9,茂盛,màoshèng,lush
7-9,枚,méi,"surname Mei; classifier for coins, rings, badges, pearls, sporting medals, rockets, satellites etc; tree trunk; whip; wooden peg, used as a gag for marching soldiers (old)"
7-9,媒介,méijiè,intermediary; vehicle; vector; medium; media
7-9,没劲,méijìn,no strength; not interesting; boring
7-9,煤炭,méitàn,coal
7-9,没辙,méizhé,at one's wit's end; unable to find a way out
7-9,没准儿,méizhǔnr, not sure; uncertain
7-9,美德,měidé,USA and Germany; virtue
7-9,美妙,měimiào,beautiful; wonderful; splendid
7-9,美容,měiróng,to improve one's appearance (using cosmetics or cosmetic surgery); to make oneself more attractive; to beautify
7-9,美学,měixué,aesthetics
7-9,美誉,měiyù,reputation; good name
7-9,美滋滋,měizīzī,very happy; elated
7-9,闷,mēn,stuffy; shut indoors; to smother; to cover tightly
7-9,闷热,mēnrè,sultry
7-9,门槛,ménkǎn,doorstep; sill; threshold; fig. knack or trick (esp. scheme to get sth cheaper)
7-9,门路,ménlu,way of doing sth; the right social connection
7-9,蒙,mēng,to deceive; to cheat; to hoodwink; to make a wild guess; (knocked) unconscious; dazed; stunned
7-9,蒙,méng,drizzle; mist; blind; dim-sighted; surname Meng; to cover; ignorant; to suffer (misfortune); to receive (a favor); to cheat
7-9,萌发,méngfā,to sprout (lit. or fig.); to bud; to germinate; germ; seed; bud
7-9,朦胧,ménglóng,(literary) (of moonlight) dim; (literary) murky; indistinct
7-9,萌芽,méngyá,to sprout (lit. or fig.); to bud; to germinate; germ; seed; bud
7-9,盟友,méngyǒu,ally
7-9,猛,měng,ferocious; fierce; violent; brave; suddenly; abrupt; (slang) awesome
7-9,猛然,měngrán,suddenly; abruptly
7-9,梦幻,mènghuàn,dream; illusion; reverie
7-9,梦寐以求,mèngmèiyǐqiú,to yearn for day and night; to long for in one's dreams
7-9,眯,mī,to narrow one's eyes; to squint; (dialect) to take a nap
7-9,谜,mí,riddle
7-9,谜底,mídǐ,answer to a riddle
7-9,迷惑,míhuò,to puzzle; to confuse; to baffle
7-9,迷恋,míliàn,to be infatuated with; to be enchanted by; to be passionate about
7-9,弥漫,mímàn,"to pervade; to fill the air; diffuse; everywhere present; about to inundate (water); permeated by (smoke); filled with (dust); to saturate (the air with fog, smoke etc); variant of 弥漫"
7-9,迷失,míshī,to lose (one's bearings); to get lost
7-9,谜团,mítuán,riddle; enigma; unpredictable situation; elusive matters
7-9,迷信,míxìn,superstition
7-9,谜语,míyǔ,riddle; conundrum
7-9,秘方,mìfāng,secret recipe
7-9,密封,mìfēng,to seal up
7-9,秘诀,mìjué,secret know-how; key (to longevity); secret (of happiness); recipe (for success)
7-9,蜜月,mìyuè,honey month
7-9,棉花,miánhuā,cotton
7-9,免得,miǎnde,so as not to; so as to avoid
7-9,缅怀,miǎnhuái,to commemorate; to recall fondly; to think of the past
7-9,勉励,miǎnlì,to encourage
7-9,腼腆,miǎntiǎn,shyness
7-9,免职,miǎnzhí,to relieve sb of his post; to sack; to demote; dismissal; sacking
7-9,面孔,miànkǒng,face
7-9,面貌,miànmào,face; features; appearance; look
7-9,苗条,miáotiao,(of a woman) slim; slender; graceful
7-9,苗头,miáotou,first signs; development (of a situation)
7-9,瞄准,miáozhǔn,"to aim; to level (a gun, camera, argument) at; to lock onto"
7-9,藐视,miǎoshì,look down on
7-9,渺小,miǎoxiǎo,minute; tiny; negligible; insignificant
7-9,庙,miào,temple; ancestral shrine; temple fair; great imperial hall; imperial
7-9,庙会,miàohuì,temple fair
7-9,蔑视,mièshì,to loathe; to despise; contempt
7-9,灭亡,mièwáng,to be destroyed; to become extinct; to perish; to die out; to destroy; to exterminate
7-9,民办,mínbàn,run by the local people; privately operated
7-9,民居,mínjū,residential buildings
7-9,民生,mínshēng,people's livelihood
7-9,民事,mínshì,civil affairs
7-9,民意,mínyì,public opinion; popular will; public will
7-9,民营,mínyíng,privately owned
7-9,民用,mínyòng,(for) civilian use
7-9,敏捷,mǐnjié,nimble; quick; shrewd
7-9,敏锐,mǐnruì,keen; sharp; acute
7-9,鸣,míng,chirp 
7-9,名次,míngcì,position in a ranking of names; place; rank
7-9,名贵,míngguì,famous and valuable; rare; precious
7-9,铭记,míngjì,to engrave in one's memory
7-9,明朗,mínglǎng,bright; clear; obvious; forthright; open-minded; bright and cheerful
7-9,名利,mínglì,fame and fortune
7-9,明媚,míngmèi,bright and beautiful
7-9,名义,míngyì,name; titular; nominal; in name; ostensible purpose
7-9,名誉,míngyù,fame; reputation; honor; honorary; emeritus (of retired professor)
7-9,明智,míngzhì,sensible; wise; judicious; sagacious
7-9,名著,míngzhù,masterpiece
7-9,命,mìng,"life; fate; order or command; to assign a name, title etc"
7-9,摸索,mōsuǒ,to feel about; to grope about; to fumble; to do things slowly
7-9,膜,mó,membrane; film
7-9,磨,mó,to rub; to grind; to polish; to sharpen; to wear down; to die out; to waste time; to pester; to insist
7-9,摩擦,mócā,friction; rubbing; chafing; fig. disharmony; conflict; also written 磨擦
7-9,魔法,mófǎ,magic
7-9,蘑菇,mógu,mushroom; to pester; to dawdle
7-9,魔鬼,móguǐ,devil
7-9,磨合,móhé,to run in
7-9,魔力,mólì,magic
7-9,磨炼,móliàn,to train
7-9,磨难,mónàn,a torment; a trial; tribulation; a cross (to bear); well-tried
7-9,魔术,móshù,magic
7-9,抹,mǒ,"to smear; to wipe; to erase; classifier for wisps of cloud, light-beams etc"
7-9,抹杀,mǒshā,to erase; to cover traces; to obliterate evidence; to expunge; to blot out; to suppress
7-9,墨,mò,"surname Mo; abbr. for 哥, Mexico; ink stick; China ink; corporal punishment consisting of tattooing characters on the victim's forehead"
7-9,莫大,mòdà,greatest; utmost
7-9,莫非,mòfēi,can it be possible that; could it be
7-9,茉莉,mòlì,jasmine
7-9,没落,mòluò,to decline; to wane
7-9,默契,mòqì,tacit understanding; mutual understanding; rapport; connected at a deep level with each other; (of team members) well coordinated; tight
7-9,漠然,mòrán,indifferent; apathetic; cold
7-9,末日,mòrì,the end of the world; doomsday
7-9,没收,mòshōu,to confiscate; to seize
7-9,谋害,móuhài,to conspire to murder; to plot against sb's life
7-9,谋划,móuhuà,plan; plot
7-9,谋求,móuqiú,to seek; to strive for
7-9,谋取,móuqǔ,to seek
7-9,谋生,móushēng,to seek one's livelihood; to work to support oneself; to earn a living
7-9,拇指,mǔzhǐ,thumb
7-9,墓,mù,grave; tomb; mausoleum
7-9,幕,mù,curtain or screen; canopy or tent; headquarters of a general; act (of a play); old variant of 幕; curtain; screen
7-9,墓碑,mùbēi,gravestone; tombstone
7-9,目不转睛,mùbùzhuǎnjīng,unable to take one's eyes off (idiom); to gaze steadily; to stare
7-9,牧场,mùchǎng,pasture; grazing land; ranch
7-9,墓地,mùdì,cemetery; graveyard
7-9,目睹,mùdǔ,to witness; to see at first hand; to see with one's own eyes
7-9,幕后,mùhòu,behind the scenes
7-9,募捐,mùjuān,to solicit contributions; to collect donations
7-9,牧民,mùmín,herdsman
7-9,木偶,mù’ǒu,puppet
7-9,沐浴,mùyù,to take a bath; to bathe; to immerse
7-9,拿手,náshǒu,expert in; good at
7-9,呐喊,nàhǎn,shout; rallying cry; cheering; to shout
7-9,纳入,nàrù,to bring into; to channel into; to integrate into; to incorporate
7-9,纳税,nàshuì,to pay taxes
7-9,纳税人,nàshuìrén,taxpayer
7-9,乃,nǎi,to be; thus; so; therefore; then; only; thereupon; variant of 乃
7-9,奶酪,nǎilào,cheese
7-9,乃至,nǎizhì,and even; to go so far as to
7-9,耐,nài,(bound form) to bear; to endure; to withstand
7-9,耐用,nàiyòng,durable
7-9,难处,nánchù,trouble; difficulty; problem
7-9,男方,nánfāng,the male side; the groom's family; the male
7-9,南瓜,nánguā,pumpkin
7-9,难关,nánguān,difficulty; crisis
7-9,难堪,nánkān,hard to take; embarrassed
7-9,难为情,nánwéiqíng,embarrassed; ashamed
7-9,脑海,nǎohǎi,the mind; the brain
7-9,恼火,nǎohuǒ,annoyed; riled; vexed
7-9,闹事,nàoshì,to cause trouble; to create a disturbance
7-9,内存,nèicún,internal storage; computer memory; random access memory (RAM)
7-9,内地,nèidì,"mainland China (PRC excluding Hong Kong and Macau, but including islands such as Hainan); Japan (used in Taiwan during Japanese colonization); inland; interior; hinterland"
7-9,内行,nèiháng,expert; adept; experienced; an expert; a professional
7-9,内幕,nèimù,inside story; non-public information; behind the scenes; internal
7-9,内向,nèixiàng,reserved (personality); introverted; (economics etc) domestic-oriented
7-9,内需,nèixū,domestic demand
7-9,内脏,nèizàng,gut
7-9,嫩,nèn,young and tender; (of food) tender; lightly cooked; (of color) light; (of a person) inexperienced; unskilled; old variant of 嫩
7-9,能耗,nénghào,energy consumption
7-9,能耐,néngnai,ability; capability
7-9,能人,néngrén,"capable person; Homo habilis, extinct species of upright East African hominid"
7-9,泥泞,nínìng,muddy
7-9,泥潭,nítán,quagmire
7-9,拟,nǐ,doubtful; suspicious; variant of 拟; to emulate; to imitate; to plan to; to draft (a plan); to assess; to compare; pseudo-
7-9,拟定,nǐdìng,to draw up; to draft; to formulate
7-9,逆,nì,contrary; opposite; backwards; to go against; to oppose; to betray; to rebel
7-9,逆境,nìjìng,adversity
7-9,匿名,nìmíng,anonymous
7-9,溺水,nìshuǐ,drown
7-9,逆行,nìxíng,to go against
7-9,黏,nián,sticky; glutinous; (Tw) to adhere; to stick on; to glue
7-9,年报,niánbào,annual report
7-9,年画,niánhuà,New Year (Spring Festival) picture
7-9,年均,niánjūn,annual average
7-9,年轮,niánlún,tree ring
7-9,年迈,niánmài,old; aged
7-9,年薪,niánxīn,annual salary
7-9,撵,niǎn,chase away; expel; move
7-9,念头,niàntou,idea; thought
7-9,娘,niáng,mother; young lady; (coll.) effeminate; variant of 娘
7-9,尿,niào,to urinate; urine
7-9,捏,niē,"to hold between the thumb and fingers; to pinch; to mold (using the fingers); to hold (lit. in one's hand and fig.); to join together; to fabricate (a story, a report, etc); variant of 捏"
7-9,拧,níng,to pinch; wring
7-9,凝固,nínggù,to freeze; to solidify; to congeal; fig. with rapt attention
7-9,凝结,níngjié,condense; coagulation
7-9,宁静,níngjìng,tranquil; tranquility; serenity
7-9,凝聚,níngjù,to condense; to coagulate; coacervation (i.e. form tiny droplets); aggregation; coherent
7-9,凝视,níngshì,to gaze at; to fix one's eyes on
7-9,拧,nǐng,mistake; to twist
7-9,宁可,nìngkě,preferably; one would prefer to...(or not to...); would rather; (would) be better to; (to pick) the lesser of two evils
7-9,纽带,niǔdài,tie; link; bond
7-9,纽扣,niǔkòu,button
7-9,扭曲,niǔqū,distort; twist
7-9,扭头,niǔtóu,to turn one's head; to turn around
7-9,扭转,niǔzhuǎn,to reverse; to turn around (an undesirable situation); (mechanics) torsion
7-9,农场,nóngchǎng,farm
7-9,农历,nónglì,the traditional Chinese calendar; the lunar calendar
7-9,浓缩,nóngsuō,to concentrate (a liquid); concentration; espresso coffee; abbr. for 意式浓缩咖啡
7-9,浓郁,nóngyù,rich; strong; heavy (fragrance); dense; full-bodied; intense
7-9,浓重,nóngzhòng,dense; thick; strong; rich (colors); heavy (aroma); deep (friendship); profound (effect)
7-9,奴隶,núlì,slave
7-9,女方,nǚfāng,the female side; the bride's family; the female
7-9,女婿,nǚxu,daughter's husband; son-in-law
7-9,暖烘烘,nuǎnhōnghōng,nice and warm; cozy; heartwarming
7-9,挪,nuó,to shift; to move
7-9,诺言,nuòyán,promise
7-9,殴打,ōudǎ,beat up; batter; thrash
7-9,呕吐,ǒutù,to vomit
7-9,拍板,pāibǎn,clapper-board; auctioneer's hammer; to beat time with clappers
7-9,拍卖,pāimài,to auction; auction sale; to sell at a reduced price
7-9,排查,páichá,to screen; to examine; to check
7-9,排斥,páichì,to exclude; to reject; to repel
7-9,排行榜,páihángbǎng,the charts (of best-sellers); table of ranking
7-9,派别,pàibié,group; sect; clique; faction; school
7-9,派遣,pàiqiǎn,to send (on a mission); to dispatch
7-9,攀,pān,to climb (by pulling oneself up); to implicate; to claim connections of higher status
7-9,攀登,pāndēng,to climb; to pull oneself up; to clamber; to scale; fig. to forge ahead in the face of hardships and danger
7-9,攀升,pānshēng,to clamber up; (of prices etc) to rise
7-9,盘算,pánsuan,to plot; to scheme; to calculate
7-9,盘旋,pánxuán,to spiral; to circle; to go around; to hover; to orbit
7-9,判,pàn,to judge; to sentence; to discriminate; to discern; clearly distinguishable
7-9,盼,pàn,to hope for; to long for; to expect
7-9,判处,pànchǔ,to sentence; to condemn
7-9,判决,pànjué,judgment (by a court of law); to pass judgment on; to sentence
7-9,叛逆,pànnì,to rebel; to revolt; a rebel
7-9,旁人,pángrén,bystander; outsider; unrelated person
7-9,螃蟹,pángxiè,crab
7-9,胖乎乎,pànghūhū,chubby; plump; chubby
7-9,抛弃,pāoqì,to abandon; to discard; to renounce; to dump (sb)
7-9,刨,páo,to dig; to excavate; (coll.) to exclude; not to count; to deduct; to subtract
7-9,炮,pào,cannon; firecracker; variant of 炮
7-9,泡沫,pàomò,foam; (soap) bubble; (economic) bubble
7-9,胚胎,pēitāi,embryo
7-9,佩戴,pèidài,to wear (on one's person)
7-9,配方,pèifāng,formula
7-9,配件,pèijiàn,component; part; fitting; accessory; replacement part
7-9,配角,pèijué,supporting role
7-9,配偶,pèi’ǒu,spouse
7-9,配音,pèiyīn,dubbing (filmmaking)
7-9,配置,pèizhì,to deploy; to allocate; configuration; allocation
7-9,喷泉,pēnquán,fountain
7-9,盆地,péndì,basin; depression (geographical)
7-9,抨击,pēngjī,to attack (verbally or in writing)
7-9,烹调,pēngtiáo,to cook
7-9,棚,péng,canopy (or awning) of reed mats, etc.
7-9,蓬勃,péngbó,vigorous; flourishing; full of vitality
7-9,澎湃,péngpài,surge; be in an upsurge; the roaring of breakers
7-9,碰钉子,pèng dīngzi,to meet with a rebuff
7-9,碰巧,pèngqiǎo,by chance; by coincidence; to happen to
7-9,劈,pī,to hack; to chop; to split open; (of lightning) to strike
7-9,批发,pīfā,wholesale; bulk trade; distribution
7-9,披露,pīlù,to reveal; to publish; to make public; to announce
7-9,批判,pīpàn,to criticize; critique
7-9,脾,pí,spleen
7-9,疲惫,píbèi,beaten; exhausted; tired
7-9,皮革,pígé,leather
7-9,疲倦,píjuàn,to tire; tired
7-9,屁股,pìgu,buttocks; bottom; butt; back part
7-9,僻静,pìjìng,lonely; secluded
7-9,媲美,pìměi,compare favorably; rival
7-9,譬如,pìrú,for example; for instance; such as
7-9,偏,piān,to lean; to slant; oblique; prejudiced; to deviate from average; to stray from the intended line; stubbornly; contrary to expectations
7-9,偏爱,piān’ài,preference
7-9,偏差,piānchā,bias; deviation
7-9,偏见,piānjiàn,prejudice; bias
7-9,偏离,piānlí,deviate from
7-9,偏旁,piānpáng,stroke of a Chinese character
7-9,偏僻,piānpì,remote; desolate; far from the city
7-9,偏偏,piānpiān,(indicates that sth turns out just the opposite of what one would wish) unfortunately; as it happened; (indicates that sth is the opposite of what would be normal or reasonable) stubbornly; contrarily; against reason; (indicates that sb or a group is singled out) precisely; only; of all people
7-9,偏向,piānxiàng,partial towards sth; to prefer; to incline; erroneous tendencies (Leftist or Revisionist deviation)
7-9,偏远,piānyuǎn,remote; far from civilization
7-9,片子,piānzi,film; movie; film reel; phonograph record; X-ray image
7-9,片段,piànduàn,fragment (of speech etc); extract (from book etc); episode (of story etc)
7-9,漂泊,piāobó,float;berth;anchor
7-9,飘浮,piāofú,float
7-9,漂浮,piāofú,float
7-9,漂流,piāoliú,drift
7-9,票房,piàofáng,box office
7-9,撇,piě,to throw; to cast; left-slanting downward brush stroke (calligraphy)
7-9,拼搏,pīnbó,to struggle; to wrestle
7-9,拼接,pīnjiē,piece together; join
7-9,拼命,pīnmìng,to do one's utmost; with all one's might; at all costs; (to work or fight) as if one's life depends on it
7-9,贫穷,pínqióng,poor; impoverished
7-9,品德,pǐndé,moral character
7-9,品位,pǐnwèi,rank; grade; quality; (aesthetic) taste
7-9,品味,pǐnwèi,taste
7-9,品行,pǐnxíng,behavior; moral conduct
7-9,聘,pìn,to engage (a teacher etc); to hire; to betroth; betrothal gift; to get married (of woman)
7-9,聘任,pìnrèn,to appoint (to a position); appointed
7-9,聘用,pìnyòng,to employ; to hire
7-9,屏蔽,píngbì,shield
7-9,平淡,píngdàn,flat; dull; ordinary; nothing special
7-9,平房,píngfáng,bungalow
7-9,平和,pínghé,"Pinghe county in Zhangzhou 州, Fujian; gentle; mild; moderate; placid"
7-9,平价,píngjià,par value; par; par-price
7-9,瓶颈,píngjǐng,neck of a bottle; (fig.) bottleneck; problem that impedes progress
7-9,平面,píngmiàn,plane (flat surface); print media
7-9,评判,píngpàn,to judge (a competition); to appraise
7-9,平日,píngrì,ordinary day; everyday; ordinarily; usually
7-9,平坦,píngtǎn,level; even; smooth; flat
7-9,评委,píngwěi,evaluation committee; judging panel; judging panel member; adjudicator (abbr. for 评选委员会委员)
7-9,平稳,píngwěn,smooth; steady
7-9,平息,píngxī,to settle (a dispute); to quieten down; to suppress
7-9,平行,píngxíng,parallel; of equal rank; simultaneous
7-9,平庸,píngyōng,mediocre
7-9,平原,píngyuán,field; plain
7-9,屏障,píngzhàng,barrier
7-9,凭证,píngzhèng,proof; certificate; receipt; voucher
7-9,颇,pō,surname Po; Taiwan pr. [Pǒ]; rather; quite; considerably; oblique; inclined; slanting; Taiwan pr. [pǒ]
7-9,破案,pò’àn,to solve a case; shabby old table
7-9,破除,pòchú,to eliminate; to do away with; to get rid of
7-9,迫害,pòhài,to persecute
7-9,破解,pòjiě,"to break (a bond, constraint etc); to explain; to unravel; to decipher; to decode; to crack (software)"
7-9,破旧,pòjiù,old and shabby
7-9,破例,pòlì,to make an exception
7-9,破灭,pòmiè,"to be shattered; to be annihilated (of hope, illusions etc)"
7-9,迫使,pòshǐ,to force; to compel
7-9,破碎,pòsuì,to smash to pieces; to shatter
7-9,扑克,pūkè,poker (game) (loanword); playing cards
7-9,铺路,pūlù,to pave (with paving stones); to lay a road; (fig.) to lay the groundwork (for sth); to give a present to sb to ensure success
7-9,菩萨,púsà,Bodhisattva (Buddhism)
7-9,谱,pǔ,chart; list; table; register; score (music); spectrum (physics); to set to music
7-9,朴实,pǔshí,plain; simple; guileless; down-to-earth; sincere and honest
7-9,瀑布,pùbù,waterfall
7-9,漆,qī,"paint; lacquer; to paint (furniture, walls etc)"
7-9,欺负,qīfu,to bully
7-9,漆黑,qīhēi,pitch black
7-9,凄凉,qīliáng,mournful; miserable; desolate (place)
7-9,期盼,qīpàn,to expect; to await
7-9,蹊跷,qīqiao,odd
7-9,欺诈,qīzhà,to cheat
7-9,祈祷,qídǎo,to pray; to say one's prayers; prayer
7-9,奇观,qíguān,marvellous spectacle; wonder
7-9,奇妙,qímiào,fantastic; wonderful
7-9,旗袍,qípáo,Chinese-style dress; cheongsam
7-9,崎岖,qíqū,rocky and precipitous
7-9,歧视,qíshì,to discriminate against; discrimination
7-9,奇特,qítè,peculiar; unusual; queer
7-9,旗帜,qízhì,ensign; flag
7-9,起步,qǐbù,to set out; to set in motion; the start (of some activity)
7-9,起草,qǐcǎo,to make a draft; to draw up (plans)
7-9,启程,qǐchéng,set off
7-9,起程,qǐchéng,to set out; to leave
7-9,起伏,qǐfú,to move up and down; to undulate; ups and downs
7-9,乞丐,qǐgài,beggar
7-9,起哄,qǐhòng,to heckle; rowdy jeering; to create a disturbance
7-9,起劲,qǐjìn,vigorous
7-9,起码,qǐmǎ,at the minimum; at the very least
7-9,乞求,qǐqiú,to beg
7-9,起诉,qǐsù,to sue; to bring a lawsuit against; to prosecute
7-9,乞讨,qǐtǎo,to beg; to go begging
7-9,企图,qǐtú,to attempt; to try; attempt
7-9,启用,qǐyòng,put into use
7-9,器材,qìcái,equipment; material
7-9,气愤,qìfèn,indignant; furious
7-9,气管,qìguǎn,windpipe; trachea; respiratory tract; air duct; gas pipe
7-9,器官,qìguān,(physiology) organ; apparatus
7-9,迄今,qìjīn,so far; to date; until now
7-9,器具,qìjù,utensil
7-9,气流,qìliú,airstream
7-9,气馁,qìněi,to be discouraged
7-9,气派,qìpài,impressive; stylish; magnificent; imposing manner; dignified air
7-9,气泡,qìpào,bubble; blister (in metal); (of beverages) sparkling; carbonated
7-9,气魄,qìpò,spirit; boldness; positive outlook; imposing attitude
7-9,气色,qìsè,complexion
7-9,气势,qìshì,imposing manner; loftiness; grandeur; energetic looks; vigor
7-9,气息,qìxī,breath; smell; odor; flavor
7-9,气象,qìxiàng,meteorological feature; meteorology; atmosphere; ambience; scene
7-9,器械,qìxiè,apparatus; instrument; equipment; weapon
7-9,气压,qìyā,atmospheric pressure; barometric pressure
7-9,契约,qìyuē,agreement; contract
7-9,器重,qìzhòng,think highly of (one's juniors or subordinates); regard highly
7-9,掐,qiā,to pick (flowers); to pinch; to nip; to pinch off; to clutch; (slang) to fight
7-9,卡,qiǎ,to block; to be stuck; to be wedged; customs station; a clip; a fastener; a checkpost; Taiwan pr. [kǎ]
7-9,恰巧,qiàqiǎo,by chance
7-9,迁,qiān,to move; to shift; to change (a position or location etc); to promote
7-9,签,qiān,"to sign one's name; to write brief comments on a document; inscribed bamboo stick (variant of 签); visa; Japanese variant of 签; inscribed bamboo stick (used in divination, gambling, drawing lots etc); small wood sliver; label; tag"
7-9,牵扯,qiānchě,to involve; implicated
7-9,牵涉,qiānshè,to involve; implicated
7-9,签署,qiānshǔ,to sign (an agreement)
7-9,牵头,qiāntóu,to lead (an animal by the head); to take the lead; to coordinate (a combined operation); to mediate; a go-between (e.g. marriage broker)
7-9,迁徙,qiānxǐ,to migrate; to move
7-9,谦逊,qiānxùn,humble; modest; unpretentious; modesty
7-9,迁移,qiānyí,to migrate; to move
7-9,签约,qiānyuē,to sign a contract or agreement
7-9,牵制,qiānzhì,to control; to curb; to restrict; to impede; to pin down (enemy troops)
7-9,前辈,qiánbèi,senior; older generation; precursor
7-9,钱财,qiáncái,wealth; money
7-9,前程,qiánchéng,future
7-9,虔诚,qiánchéng,pious; devout; sincere
7-9,潜伏,qiánfú,hide
7-9,潜能,qiánnéng,potential; hidden capability
7-9,潜入,qiánrù,slip into; sneak into; steal in
7-9,潜水,qiánshuǐ,to dive; to go under water; (in an online forum) to lurk
7-9,前所未有,qiánsuǒwèiyǒu,unprecedented
7-9,前台,qiántái,stage; proscenium; foreground in politics etc (sometimes derog.); front desk; reception desk; (computing) front-end; foreground
7-9,潜艇,qiántǐng,submarine
7-9,前夕,qiánxī,eve; the day before
7-9,前线,qiánxiàn,front line; military front; workface; cutting edge
7-9,潜心,qiánxīn,with great concentration
7-9,前沿,qiányán,"front-line; forward position; outpost; extending ahead; frontier (of science, technology etc)"
7-9,潜在,qiánzài,latent; potential
7-9,浅显,qiǎnxiǎn,easy to understand
7-9,欠缺,qiànquē,to be deficient in; lapse; deficiency
7-9,欠条,qiàntiáo,IOU; certificate of indebtedness
7-9,歉意,qiànyì,apology; regret
7-9,呛,qiāng,to cause choking or suffocating; to irritate
7-9,腔,qiāng,(bound form) cavity; tune; accent (in one's speech); (old) (classifier for carcasses of slaughtered livestock)
7-9,强加,qiángjiā,to impose; to force upon
7-9,强劲,qiángjìng,strong; powerful; robust
7-9,强势,qiángshì,strong; powerful; (linguistics) emphatic; intensive
7-9,强项,qiángxiàng,key strength; strong suit; specialty
7-9,强行,qiángxíng,to do sth by force; Taiwan pr. [qiǎng xíng]
7-9,强硬,qiángyìng,tough; unyielding; hard-line
7-9,强占,qiángzhàn,to occupy by force
7-9,强制,qiángzhì,to force; to compel; to coerce; forced; compulsory; Taiwan pr. [qiǎng zhì]
7-9,抢夺,qiǎngduó,to plunder; to pillage; to forcibly take
7-9,抢劫,qiǎngjié,to rob; looting
7-9,呛,qiàng,"to irritate the nose; to choke (of smoke, smell etc); pungent; (coll.) (Tw) to shout at sb; to scold; to speak out against sb"
7-9,敲诈,qiāozhà,to rip off; to extort (money); extortion; blackmail
7-9,憔悴,qiáocuì,haggard
7-9,巧合,qiǎohé,coincidence; coincidental; to coincide
7-9,翘,qiào,to stick up; to rise on one end; to tilt
7-9,撬,qiào,to lift; to pry open; to lever open
7-9,窍门,qiàomén,a trick; an ingenious method; know-how; the knack (of doing sth)
7-9,切磋,qiēcuō,compare notes
7-9,切割,qiēgē,to cut
7-9,切换,qiēhuàn,switch
7-9,且,qiě,and; moreover; yet; for the time being; to be about to; both (... and...)
7-9,切记,qièjì,never forget
7-9,切忌,qièjì,must not; absolutely not
7-9,窃取,qièqǔ,"to steal (usu. private information, intellectual property etc)"
7-9,切身,qièshēn,direct; concerning oneself; personal
7-9,惬意,qièyì,contented
7-9,侵犯,qīnfàn,to infringe on; to encroach on; to violate; to assault
7-9,侵害,qīnhài,infringe; encroach
7-9,亲和力,qīnhélì,(personal) warmth; approachability; accessibility; (in a product) user friendliness; (chemistry) affinity
7-9,钦佩,qīnpèi,to admire; to look up to; to respect sb greatly
7-9,侵权,qīnquán,to infringe the rights of; to violate; infringement
7-9,亲热,qīnrè,affectionate
7-9,亲身,qīnshēn,personal; oneself
7-9,亲眼,qīnyǎn,with one's own eyes; personally
7-9,侵占,qīnzhàn,to invade and occupy (territory)
7-9,勤俭,qínjiǎn,hardworking and frugal
7-9,勤快,qínkuai,diligent; hardworking
7-9,寝室,qǐnshì,bedroom; dormitory
7-9,轻而易举,qīng’éryìjǔ,easy; with no difficulty
7-9,清澈,qīngchè,clear; limpid
7-9,清除,qīngchú,to clear away; to eliminate; to get rid of
7-9,清单,qīngdān,list of items
7-9,倾倒,qīngdǎo,topple over
7-9,清静,qīngjìng,quiet; peaceful and quiet
7-9,青睐,qīnglài,favour
7-9,清凉,qīngliáng,cool; refreshing; (of clothing) skimpy; revealing
7-9,轻蔑,qīngmiè,scornful; disdainful; contemptuous; pejorative; disdain; contempt
7-9,倾诉,qīngsù,to say everything (that is on one's mind)
7-9,青铜器,qīngtóngqì,bronze ware
7-9,轻微,qīngwēi,slight; light; trivial; to a small extent
7-9,倾销,qīngxiāo,"to dump (goods, products)"
7-9,倾斜,qīngxié,to incline; to lean; to slant; to slope; to tilt
7-9,清新,qīngxīn,"Qingxin county in Qingyuan 清远, Guangdong; fresh and clean"
7-9,轻型,qīngxíng,"light (machinery, aircraft etc)"
7-9,情报,qíngbào,information; intelligence
7-9,情调,qíngdiào,sentiment; tone and mood; taste
7-9,情怀,qínghuái,feelings; mood
7-9,情结,qíngjié,complex; emotional complex
7-9,情境,qíngjìng,situation
7-9,情侣,qínglǚ,sweethearts; lovers
7-9,情人,qíngrén,lover; sweetheart
7-9,情商,qíngshāng,emotional intelligence
7-9,情谊,qíngyì,friendship
7-9,情愿,qíngyuàn,willingness; would rather (agree to X than Y)
7-9,请帖,qǐngtiě,invitation card; written invitation
7-9,庆典,qìngdiǎn,celebration
7-9,庆贺,qìnghè,to congratulate; to celebrate
7-9,庆幸,qìngxìng,to rejoice; to be glad
7-9,丘陵,qiūlíng,hills
7-9,囚犯,qiúfàn,prisoner; convict
7-9,求学,qiúxué,to seek knowledge; to study; to attend college
7-9,求医,qiúyī,to seek medical treatment; to see a doctor
7-9,求证,qiúzhèng,to seek proof; to seek confirmation
7-9,屈服,qūfú,to surrender; to succumb; to yield; (as a transitive verb) to defeat; to prevail over
7-9,区间,qūjiān,only part of the normal route of a vehicle; inter-regional; inter-sectional
7-9,区区,qūqū,trifle; (modest) I/me
7-9,曲线,qūxiàn,curve; curved line; indirect; in a roundabout way
7-9,趋于,qūyú,to tend towards
7-9,曲折,qūzhé,winding; (fig.) complicated
7-9,驱逐,qūzhú,to expel; to deport; banishment
7-9,取材,qǔcái,based on; draw materials
7-9,取缔,qǔdì,to suppress; to crack down on; to prohibit
7-9,取经,qǔjīng,to journey to India on a quest for the Buddhist scriptures; to learn by studying another's experience
7-9,取决,qǔjué,depend on; be decided by; hinge on
7-9,取暖,qǔnuǎn,to warm oneself (by a fire etc)
7-9,取胜,qǔshèng,to score a victory; to prevail over one's opponents
7-9,取笑,qǔxiào,to tease; to make fun of
7-9,曲艺,qǔyì,ballad;
7-9,去除,qùchú,to remove; to dislodge
7-9,去处,qùchù,place; destination
7-9,去向,qùxiàng,direction in which sb or sth has gone; whereabouts
7-9,圈套,quāntào,mesh; trap; snare
7-9,圈子,quānzi,circle; ring; (social) circle
7-9,全方位,quánfāngwèi,all around; omnidirectional; complete; holistic; comprehensive
7-9,权衡,quánhéng,to consider; to weigh (a matter); to balance (pros and cons)
7-9,拳击,quánjī,boxing; pugilism
7-9,全局,quánjú,the situation as a whole
7-9,全力以赴,quánlìyǐfù,to do at all costs; to make an all-out effort
7-9,诠释,quánshì,explain; interpret
7-9,拳头,quántóu,fist; clenched fist; competitive (product)
7-9,权威,quánwēi,authority; authoritative; power and prestige
7-9,权限,quánxiàn,powers; scope
7-9,权益,quányì,rights; interests; rights and benefits
7-9,劝告,quàngào,to advise; to urge; to exhort; exhortation; advice
7-9,劝说,quànshuō,to persuade; persuasion; to advise
7-9,劝阻,quànzǔ,to advise against; to dissuade
7-9,缺口,quēkǒu,nick; jag; gap; shortfall
7-9,缺席,quēxí,to be absent
7-9,瘸,qué,lame
7-9,确切,quèqiè,exact; precise; accurate; right
7-9,确信,quèxìn,to be convinced; to be sure; to firmly believe; to be positive that; definite news
7-9,确凿,quèzáo,definite; conclusive; undeniable; authentic; also pr. [què zuò]
7-9,确诊,quèzhěn,to make a definite diagnosis; confirmed (case of a specific disease)
7-9,燃放,ránfàng,to light; to set off (firecrackers etc)
7-9,燃油,rányóu,fuel oil
7-9,嚷,rǎng,to shout; to bellow; to make a big deal of sth; to make a fuss about sth
7-9,让步,ràngbù,to concede; to give in; to yield; a concession; (linguistics) concessive
7-9,饶,ráo,surname Rao; rich; abundant; exuberant; to add for free; to throw in as bonus; to spare; to forgive; despite; although
7-9,饶恕,ráoshù,to forgive; to pardon; to spare
7-9,扰乱,rǎoluàn,to disturb; to perturb; to harass
7-9,绕行,ràoxíng,to take a circular (or circuitous) route; to do a circuit; (of a planet) to orbit; (of a sailor) to circumnavigate; to take a detour; to bypass
7-9,绕远儿,ràoyuǎnr,go the long way round; take a roundabout way
7-9,惹,rě,to provoke; to irritate; to vex; to stir up; to anger; to attract (troubles); to cause (problems)
7-9,热潮,rècháo,upsurge; popular craze
7-9,热带,rèdài,the tropics; tropical
7-9,热腾腾,rèténgténg,steaming hot; (fig.) bustling; hectic; (fig.) excited; stirred up; (fig.) created only a short time before; freshly minted; hot off the press; (coll.) also pr. [rè tēng tēng]
7-9,热衷,rèzhōng,to feel strongly about; to be fond of; obsession; deep commitment
7-9,仁慈,réncí,benevolent; charitable; kind; kindly; kindness; merciful
7-9,人次,réncì,person-times; visits; classifier for number of people participating
7-9,人道,réndào,humanity; human sympathy
7-9,人格,réngé,personality; integrity; dignity
7-9,人气,rénqì,popularity; personality; character
7-9,人情,rénqíng,human emotions; social relationship; friendship; favor; a good turn
7-9,人权,rénquán,human rights
7-9,人身,rénshēn,person; personal; human body
7-9,人手,rénshǒu,manpower; staff; human hand
7-9,人文,rénwén,humanities; human affairs; culture
7-9,人性,rénxìng,human nature; humanity; human; the totality of human attributes
7-9,任性,rénxìng,willful; headstrong; unruly
7-9,人选,rénxuǎn,choice of person; candidate
7-9,人缘儿,rényuánr,erhua variant of 人缘; relations with other people
7-9,人质,rénzhì,hostage
7-9,忍耐,rěnnài,to endure; to bear with; to exercise patience; to restrain oneself; patience; endurance
7-9,忍心,rěnxīn,have the heart to; bear to
7-9,任,rèn,"to assign; to appoint; to take up a post; office; responsibility; to let; to allow; to give free rein to; no matter (how, what etc); classifier for terms served in office, or for spouses, girlfriends etc (as in 前任男友)"
7-9,任命,rènmìng,to appoint; (job) appointment
7-9,任期,rènqī,term of office; tenure (entire period in office)
7-9,韧性,rènxìng,toughness
7-9,认证,rènzhèng,to authenticate; to approve
7-9,任职,rènzhí,to hold a post; to take office
7-9,日程,rìchéng,schedule; itinerary
7-9,日趋,rìqū,(increasing) day by day; (more critical) with every passing day; gradually
7-9,融,róng,to melt; to thaw; to blend; to merge; to be in harmony; old variant of 融
7-9,荣获,rónghuò,be honored with
7-9,溶解,róngjiě,to dissolve
7-9,容貌,róngmào,appearance
7-9,容纳,róngnà,to hold; to contain; to accommodate; to tolerate (different opinions)
7-9,融洽,róngqià,harmonious; friendly relations; on good terms with one another
7-9,容忍,róngrěn,to put up with; to tolerate
7-9,荣幸,róngxìng,honored (to have the privilege of ...)
7-9,容许,róngxǔ,permit; allow
7-9,容颜,róngyán,mien; complexion
7-9,冗长,rǒngcháng,long and tedious; redundant; superfluous; supernumerary; verbose (of writing)
7-9,揉,róu,to knead; to massage; to rub
7-9,柔和,róuhé,gentle; soft
7-9,如期,rúqī,in time; on schedule
7-9,如实,rúshí,as things really are; realistic
7-9,如意,rúyì,"as one wants; according to one's wishes; ruyi scepter, a symbol of power and good fortune"
7-9,如一,rúyī,consistent; the same; unvarying
7-9,如愿以偿,rúyuànyǐcháng,to have one's wish fulfilled
7-9,乳制品,rǔzhìpǐn,dairy products
7-9,入场券,rùchǎngquàn,admission ticket
7-9,入侵,rùqīn,to invade
7-9,入手,rùshǒu,to start; to get one's hand in
7-9,软弱,ruǎnruò,weak; feeble; flabby
7-9,软实力,ruǎnshílì,soft power (in international relations)
7-9,瑞雪,ruìxuě,timely snow
7-9,润,rùn,"moist; glossy; sleek; to moisten; to lubricate; to embellish; to enhance; profit; remuneration; (neologism c. 2021) (slang) (loanword from ""run"") to emigrate (in order to flee adverse conditions)"
7-9,若干,ruògān,a certain number or amount; how many?; how much?
7-9,若是,ruòshì,if
7-9,弱势,ruòshì,vulnerable; weak
7-9,弱项,ruòxiàng,weak spot; yielding
7-9,撒,sā,to let go; to cast; to let loose; to discharge; to give expression to; (coll.) to pee
7-9,撒谎,sāhuǎng,to tell lies
7-9,赛,sài,to compete; competition; match; to surpass; better than; superior to; to excel
7-9,赛车,sàichē,auto race; cycle race; race car
7-9,赛季,sàijì,season(sports)
7-9,赛跑,sàipǎo,race (running); to race (running)
7-9,三角,sānjiǎo,triangle
7-9,三维,sānwéi,three-dimensional; 3D
7-9,散落,sànluò,scattered
7-9,桑拿,sāngná,sauna (loanword)
7-9,嗓音,sǎngyīn,voice(usually for singing)
7-9,丧生,sàngshēng,lose one's life; die
7-9,骚乱,sāoluàn,disturbance; riot; to create a disturbance
7-9,扫墓,sǎomù,to sweep a grave (and pay one's respects to the dead person)
7-9,扫兴,sǎoxìng,to spoil things; to dampen spirits; to feel deflated; to be dispirited
7-9,嫂子,sǎozi,(coll.) older brother's wife; sister-in-law
7-9,扫帚,sàozhou,broom
7-9,僧人,sēngrén,monk
7-9,纱,shā,cotton yarn; muslin
7-9,杀毒,shādú,to disinfect; (computing) to destroy a computer virus
7-9,杀害,shāhài,to murder
7-9,沙龙,shālóng,salon (loanword)
7-9,杀手,shāshǒu,killer; murderer; hit man; (sports) formidable player
7-9,傻瓜,shǎguā,idiot; fool
7-9,筛,shāi,(bound form) a sieve; to sieve; to sift; to filter; to eliminate through selection; to warm a pot of rice wine (over a fire or in hot water); to pour (wine or tea); (dialect) to strike (a gong)
7-9,筛查,shāichá,screen (for disease)
7-9,山川,shānchuān,mountains and rivers; landscape
7-9,煽动,shāndòng,to incite; to instigate
7-9,山谷,shāngǔ,valley; ravine
7-9,山岭,shānlǐng,mountain ridge
7-9,山寨,shānzhài,fortified hill village; mountain stronghold (esp. of bandits); (fig.) knockoff (goods); counterfeit; imitation
7-9,闪烁,shǎnshuò,flickering; twinkling; evasive; vague (of speech)
7-9,善,shàn,good (virtuous); benevolent; well-disposed; good at sth; to improve or perfect
7-9,膳食,shànshí,meals; food
7-9,赡养,shànyǎng,to support; to provide support for; to maintain
7-9,善意,shànyì,goodwill; benevolence; kindness
7-9,擅自,shànzì,without permission
7-9,伤残,shāngcán,disabled; maimed; crippled; (of objects) damaged
7-9,商贩,shāngfàn,trader; peddler
7-9,伤感,shānggǎn,sad; emotional; sentimental; pathos
7-9,商贾,shānggǔ,merchant
7-9,伤痕,shānghén,scar; bruise
7-9,伤势,shāngshì,condition of an injury
7-9,商讨,shāngtǎo,to discuss; to deliberate
7-9,商议,shāngyì,discuss; deliberate
7-9,商用,shāngyòng,business use
7-9,赏识,shǎngshí,to appreciate; to recognize
7-9,上报,shàngbào,to report to one's superiors; to appear in the news; to reply to a letter
7-9,上层,shàngcéng,upper level; top class
7-9,上场,shàngchǎng,on stage; to go on stage; to take the field
7-9,上岗,shànggǎng,to take up one's post; to go on duty; to take up a job
7-9,上火,shànghuǒ,to get angry; to suffer from excessive internal heat (TCM)
7-9,上空,shàngkōng,overhead; in the sky
7-9,尚且,shàngqiě,(not) even...; let alone...
7-9,上任,shàngrèn,to take office; previous (incumbent); predecessor
7-9,上司,shàngsi,boss; superior
7-9,上诉,shàngsù,to appeal (a judicial case); appeal
7-9,尚未,shàngwèi,not yet; still not
7-9,上限,shàngxiàn,upper bound
7-9,上行,shàngxíng,going up; in the direction of the capital
7-9,上演,shàngyǎn,to screen (a movie); to stage (a play); a screening; a staging
7-9,上瘾,shàngyǐn,to get into a habit; to become addicted
7-9,上映,shàngyìng,to screen; to show (a movie)
7-9,上游,shàngyóu,upper reaches (of a river); upper level; upper echelon; upstream
7-9,稍后,shāohòu,in a little while; in a moment; later on
7-9,烧毁,shāohuǐ,to burn; to burn down
7-9,稍稍,shāoshāo,somewhat; a little; slightly
7-9,少不了,shǎobuliǎo,cannot do without; to be unavoidable; are bound to be many
7-9,哨,shào,a whistle; sentry
7-9,少女,shàonǚ,girl; young lady
7-9,奢侈,shēchǐ,luxurious; extravagant
7-9,奢望,shēwàng,an extravagant hope; to have excessive expectations
7-9,折,shé,"to snap; to break (a stick, a bone etc); (bound form) to sustain a loss (in business)"
7-9,设,shè,to set up; to put in place; (math.) given; suppose; if
7-9,设定,shèdìng,to set; to set up; to install; setting; preferences
7-9,设法,shèfǎ,to devise a plan; to try to find a way to
7-9,社会主义,shèhuì zhǔyì,socialism
7-9,涉猎,shèliè,to dabble in; to have a smattering of; to have a superficial knowledge of
7-9,社团,shètuán,association; society; group; union; club; organization
7-9,涉嫌,shèxián,to be a suspect (in a crime); to be suspected of
7-9,深奥,shēn’ào,profound and recondite; abstruse
7-9,申办,shēnbàn,to apply for; to bid for
7-9,深沉,shēnchén,"deep; profound; (of a person) reserved; undemonstrative; (of a voice, sound etc) deep; low-pitched"
7-9,深化,shēnhuà,to deepen; to intensify
7-9,身价,shēnjià,"social status; price of a slave; price of a person (a sportsman etc); worth; value (of stocks, valuables etc)"
7-9,申领,shēnlǐng,"to apply (for license, visa etc)"
7-9,深切,shēnqiè,deeply felt; heartfelt; sincere; honest
7-9,深情,shēnqíng,deep emotion; deep feeling; deep love
7-9,身躯,shēnqū,body
7-9,绅士,shēnshì,gentleman
7-9,深思,shēnsī,to ponder; to consider
7-9,申诉,shēnsù,to present one's case in a law court; appeal
7-9,深邃,shēnsuì,deep; profound; inscrutable
7-9,伸缩,shēnsuō,to lengthen and shorten; flexible; adjustable; retractable; extensible; telescoping (collapsible)
7-9,呻吟,shēnyín,to moan; to groan
7-9,身影,shēnyǐng,silhouette; figure
7-9,深造,shēnzào,further one's learning; pursue advanced studies
7-9,身子,shēnzi,body; pregnancy; health
7-9,神气,shénqì,expression; manner; vigorous; impressive; lofty; pretentious
7-9,神情,shénqíng,look; expression
7-9,神圣,shénshèng,divine; hallow; holy; sacred
7-9,神态,shéntài,appearance; manner; bearing; deportment; look; expression; mien
7-9,神仙,shénxiān,"Daoist immortal; supernatural entity; (in modern fiction) fairy, elf, leprechaun etc; fig. lighthearted person"
7-9,审,shěn,to examine; to investigate; carefully; to try (in court)
7-9,审查,shěnchá,to examine; to investigate; to censor out; censorship
7-9,审定,shěndìng,to examine sth and make a decision; to screen; to evaluate; to approve
7-9,审核,shěnhé,to audit; to investigate thoroughly
7-9,审计,shěnjì,auditing
7-9,审理,shěnlǐ,try;hear
7-9,审判,shěnpàn,a trial; to try sb
7-9,审视,shěnshì,to look closely at; to examine
7-9,肾,shèn,kidney
7-9,渗,shèn,to seep; to ooze; to horrify
7-9,渗透,shèntòu,to permeate; to pervade; infiltration
7-9,慎重,shènzhòng,cautious; careful; prudent
7-9,牲畜,shēngchù,domesticated animals; livestock
7-9,升华,shēnghuá,sublimate; to rise; to ascend
7-9,生机,shēngjī,opportunity to live; to reprieve from death; life force; vitality
7-9,生理,shēnglǐ,physiology
7-9,声明,shēngmíng,to state; to declare; statement; declaration
7-9,生命线,shēngmìngxiàn,lifeline
7-9,生怕,shēngpà,to fear; afraid; extremely nervous; for fear that; to avoid; so as not to
7-9,生平,shēngpíng,life (a person's whole life); in one's entire life
7-9,生前,shēngqián,(of a deceased) during one's life; while living
7-9,声势,shēngshì,fame and power; prestige; influence; impetus; momentum
7-9,生死,shēngsǐ,life or death
7-9,声望,shēngwàng,popularity; prestige
7-9,生效,shēngxiào,to take effect; to become effective
7-9,生涯,shēngyá,career; life (way in which sb lives); period of one's life
7-9,生硬,shēngyìng,stiff; harsh
7-9,生育,shēngyù,to bear; to give birth; to grow; to rear; to bring up (children); fertility
7-9,声誉,shēngyù,reputation; fame
7-9,绳子,shéngzi,cord; string; rope
7-9,省事,shěngshì,to simplify matters; to save trouble
7-9,盛产,shèngchǎn,to produce in abundance; to be rich in
7-9,胜出,shèngchū,"to come out on top; to win (in an election, contest etc); success; victory"
7-9,盛大,shèngdà,grand; majestic; magnificent
7-9,胜负,shèngfù,victory or defeat; the outcome of a battle
7-9,盛会,shènghuì,pageant; distinguished meeting
7-9,盛开,shèngkāi,blooming; in full flower
7-9,盛情,shèngqíng,great kindness; magnificent hospitality
7-9,胜任,shèngrèn,be competent; be qualified; be equal to; be up to
7-9,盛夏,shèngxià,height of summer; midsummer
7-9,盛行,shèngxíng,to be in vogue; to be popular; to be prevalent
7-9,盛宴,shèngyàn,a magnificent spread; a grand banquet/feast; a sumptuous/lavish dinner
7-9,失传,shīchuán,(of skills etc) to die out; lost; extinct
7-9,湿地,shīdì,wetland
7-9,师范,shīfàn,"teacher-training; pedagogical; normal (school, e.g. Beijing Normal University)"
7-9,失控,shīkòng,to go out of control
7-9,失利,shīlì,to lose; to suffer defeat
7-9,失礼,shīlǐ,commit a breach of etiquette
7-9,失灵,shīlíng,out of order (of machine); not working properly; a failing (of a system)
7-9,失落,shīluò,to lose (sth); to drop (sth); to feel a sense of loss; frustrated; disappointment; loss
7-9,失明,shīmíng,to lose one's eyesight; to become blind; blindness
7-9,湿润,shīrùn,moist
7-9,失事,shīshì,have an accident
7-9,失态,shītài,lose one's composure
7-9,尸体,shītǐ,dead body; corpse; carcass
7-9,施行,shīxíng,to put in place; to put into practice; to take effect
7-9,施压,shīyā,to pressure
7-9,施展,shīzhǎn,to unfold
7-9,师长,shīzhǎng,military division level commander; teacher
7-9,师资,shīzī,qualified teacher
7-9,失踪,shīzōng,to be missing; to disappear; unaccounted for
7-9,时隔,shí gé,separated in time (usu. followed by a quantity of time)
7-9,实地,shídì,on-site
7-9,时段,shíduàn,time interval; work shift; time slot; the twelve two-hour divisions of the day
7-9,时节,shíjié,season; time
7-9,时空,shíkōng,time and place; world of a particular locale and era; (physics) space-time
7-9,实况,shíkuàng,live (e.g. broadcast or recording); what is actually happening; scene; the real situation
7-9,时髦,shímáo,in vogue; fashionable
7-9,时时,shíshí,often; constantly
7-9,时事,shíshì,current trends; the present situation; how things are going
7-9,食宿,shísù,board and lodging; food and accommodatio
7-9,实体,shítǐ,"entity; substance; thing that has a material existence (as opposed to a conceptual, virtual or online existence); the real thing (as opposed to an image or model of it)"
7-9,时装,shízhuāng,fashion; fashionable clothes
7-9,屎,shǐ,excrement; faeces; stool; dung; droppings
7-9,使唤,shǐhuan,"to order sb around; (coll.) to handle (a draught animal, tool, machine etc); Taiwan pr. [shǐ huàn]"
7-9,使命,shǐmìng,mission
7-9,史无前例,shǐwúqiánlì,unprecedented in history
7-9,势不可当,shìbùkědāng,impossible to resist (idiom); an irresistible force
7-9,视察,shìchá,to inspect; an investigation
7-9,市场经济,shìchǎng jīngjì,market economy
7-9,世代,shìdài,for many generations; generation; era; age
7-9,试点,shìdiǎn,test point; to carry out trial; pilot scheme
7-9,是非,shìfēi,right and wrong; quarrel
7-9,世故,shìgù,the ways of the world
7-9,嗜好,shìhào,hobby; indulgence; habit; addiction
7-9,侍候,shìhòu,to serve; to wait upon
7-9,事迹,shìjì,deed; past achievement; important event of the past
7-9,视角,shìjiǎo,angle from which one observes an object; (fig.) perspective; viewpoint; frame of reference; (cinematography) camera angle; (visual perception) visual angle (the angle a viewed object subtends at the eye); (photography) angle of view
7-9,适量,shìliàng,appropriate amount
7-9,士气,shìqì,morale
7-9,世人,shìrén,people in the world
7-9,适时,shìshí,timely; apt to the occasion; in due course
7-9,逝世,shìshì,to pass away; to die
7-9,事态,shìtài,situation; existing state of affairs
7-9,势头,shìtou,power; momentum; tendency; impetus; situation; the look of things
7-9,示威,shìwēi,to demonstrate (as a protest); a demonstration; a military show of force
7-9,事务所,shìwùsuǒ,office; firm
7-9,视线,shìxiàn,line of sight
7-9,试行,shìxíng,to try out; to test
7-9,视野,shìyě,field of view; (fig.) outlook; perspective
7-9,事宜,shìyí,matters; arrangements
7-9,示意,shìyì,to hint; to indicate (an idea to sb)
7-9,市值,shìzhí,market capitalization; market value
7-9,柿子,shìzi,persimmon
7-9,收复,shōufù,to recover (lost territory etc); to recapture
7-9,收割,shōugē,harvest
7-9,收据,shōujù,receipt
7-9,收留,shōuliú,to offer shelter; to have sb in one's care
7-9,收买,shōumǎi,to purchase; to bribe
7-9,收视率,shōushìlǜ,ratings (of a TV show)
7-9,收缩,shōusuō,contract; shrink
7-9,收养,shōuyǎng,"to take in and care for (an elderly person, a dog etc); to adopt (a child); adoption"
7-9,手册,shǒucè,manual; handbook
7-9,首创,shǒuchuàng,to create; original creation; to be the first to do sth
7-9,手动,shǒudòng,manual; manually operated; manual gear-change
7-9,首付,shǒufù,down payment
7-9,首府,shǒufǔ,capital city of an autonomous region
7-9,守候,shǒuhòu,to wait for; to expect; to keep watch; to watch over; to nurse
7-9,守护,shǒuhù,to guard; to protect
7-9,手脚,shǒujiǎo,hand and foot; movement of limbs; action; trick; step in a procedure
7-9,首脑,shǒunǎo,head (of state); summit (meeting); leader
7-9,手帕,shǒupà,handkerchief
7-9,手枪,shǒuqiāng,pistol
7-9,首饰,shǒushì,jewelry; head ornament
7-9,手头,shǒutóu,liquid funds; cash on hand
7-9,手腕,shǒuwàn,wrist; trickery; finesse; ability; skill
7-9,首席,shǒuxí,"chief (representative, correspondent etc)"
7-9,守信,shǒuxìn,keep one's promise
7-9,手艺,shǒuyì,craftmanship; workmanship; handicraft; trade
7-9,受挫,shòucuò,suffer setbacks
7-9,受害,shòuhài,"to suffer damage, injury etc; damaged; injured; killed; robbed"
7-9,受害人,shòuhàirén,victim
7-9,受贿,shòuhuì,to accept a bribe
7-9,受惊,shòujīng,startled
7-9,受苦,shòukǔ,to suffer hardship
7-9,受理,shòulǐ,to accept to hear a case; to handle (a service)
7-9,受骗,shòupiàn,to be cheated; to be taken in; to be hoodwinked
7-9,授权,shòuquán,to authorize
7-9,受益,shòuyì,benefit from
7-9,受罪,shòuzuì,to endure; to suffer; hardships; torments; a hard time; a nuisance
7-9,梳,shū,a comb; to comb
7-9,舒畅,shūchàng,happy; entirely free from worry
7-9,疏导,shūdǎo,to dredge; to clear the way
7-9,疏忽,shūhu,to neglect; to overlook; negligence; carelessness
7-9,枢纽,shūniǔ,hub (e.g. of traffic network); hinge; pivot; fulcrum
7-9,抒情,shūqíng,to express emotion; lyric
7-9,疏散,shūsàn,to scatter; to disperse; to evacuate; scattered; to relax
7-9,疏通,shūtōng,to unblock; to dredge; to clear the way; to get things flowing; to facilitate; to mediate; to lobby; to explicate (a text)
7-9,输血,shūxuè,to transfuse blood; to give aid and support
7-9,输液,shūyè,intravenous infusion; to get put on an IV
7-9,疏远,shūyuǎn,estranged; alienated; not closely related
7-9,舒展,shūzhǎn,stretch out; unfold; unbend; relax; expand
7-9,梳子,shūzi,comb
7-9,赎,shú,to redeem; to ransom
7-9,属相,shǔxiàng,Chinese zodiac
7-9,属性,shǔxìng,attribute; property
7-9,数额,shù’é,amount; sum of money; fixed number
7-9,束缚,shùfù,to bind; to restrict; to tie; to commit; fetters
7-9,树干,shùgàn,tree trunk
7-9,数据库,shùjùkù,database
7-9,数码,shùmǎ,number; numerals; figures; digital; amount; numerical code
7-9,树梢,shùshāo,the tip of a tree; treetop
7-9,树荫,shùyīn,shade of a tree; Taiwan pr. [shù yìn]
7-9,刷新,shuāxīn,to renovate; to refurbish; to refresh (computer window); to write a new page (in history); to break (a record)
7-9,耍,shuǎ,"surname Shua; to play with; to wield; to act (cool etc); to display (a skill, one's temper etc)"
7-9,耍赖,shuǎlài,"to act shamelessly; to refuse to acknowledge that one has lost the game, or made a promise etc; to act dumb; to act as if sth never happened"
7-9,衰减,shuāijiǎn,to weaken; to attenuate
7-9,摔跤,shuāijiāo,to trip and fall; to wrestle; wrestling (sports)
7-9,衰竭,shuāijié,organ failure; exhaustion; prostration (medicine)
7-9,衰落,shuāiluò,decline; be on the wane; go downhill
7-9,衰弱,shuāiruò,weak
7-9,衰退,shuāituì,to decline; to fall; to drop; to falter; a decline; recession (in economics)
7-9,率,shuài,to lead; to command; rash; hasty; frank; straightforward; generally; usually
7-9,拴,shuān,to tie up
7-9,涮,shuàn,to rinse; to trick; to fool sb; to cook by dipping finely sliced ingredients briefly in boiling water or soup (generally done at the dining table)
7-9,霜,shuāng,frost
7-9,双胞胎,shuāngbāotāi,twin
7-9,双向,shuāngxiàng,bidirectional; two-way; interactive
7-9,双赢,shuāngyíng,profitable to both sides; a win-win situation
7-9,爽,shuǎng,bright; clear; crisp; open; frank; straightforward; to feel well; fine; pleasurable; invigorating; to deviate
7-9,爽快,shuǎngkuai,refreshed; rejuvenated; frank and straightforward
7-9,水产,shuǐchǎn,aquatic products
7-9,水晶,shuǐjīng,crystal
7-9,水利,shuǐlì,water conservancy; irrigation works
7-9,水龙头,shuǐlóngtóu,faucet; tap
7-9,水土,shuǐtǔ,water and soil
7-9,水域,shuǐyù,waters; body of water
7-9,水源,shuǐyuán,water source
7-9,水准,shuǐzhǔn,level (of achievement etc); standard; level (surveying)
7-9,睡袋,shuìdài,sleeping bag
7-9,税收,shuìshōu,taxation
7-9,顺差,shùnchā,(trade or budget) surplus
7-9,顺畅,shùnchàng,smooth and unhindered; fluent
7-9,顺从,shùncóng,obedient; to comply; to submit; to defer
7-9,顺路,shùnlù,by the way; while out doing sth else; conveniently
7-9,顺势,shùnshì,to take advantage; to seize an opportunity; in passing; without taking extra trouble; conveniently
7-9,顺手,shùnshǒu,easily; without trouble; while one is at it; in passing; handy
7-9,顺心,shùnxīn,happy; satisfactory
7-9,顺延,shùnyán,postpone accordingly
7-9,顺应,shùnyìng,to comply; to conform to; in tune with; adapting to; to adjust to
7-9,说不上,shuōbushàng,cannot say; cannot tell
7-9,说谎,shuōhuǎng,to lie; to tell an untruth
7-9,硕果,shuòguǒ,major achievement; great work; triumphant success
7-9,丝,sī,"silk; thread; trace; (cuisine) shreds or julienne strips; classifier: a thread (of cloud, smoke etc), a bit, an iota, a hint (of sth) etc"
7-9,撕,sī,to tear
7-9,丝绸,sīchóu,silk
7-9,司法,sīfǎ,judicial; (administration of) justice
7-9,私立,sīlì,"private (company, school etc)"
7-9,司令,sīlìng,commanding officer
7-9,私事,sīshì,personal matters
7-9,思索,sīsuǒ,to think deeply; to ponder
7-9,私下,sīxià,in private
7-9,思绪,sīxù,train of thought; emotional state; mood; feeling
7-9,私营,sīyíng,privately-owned; private
7-9,私有,sīyǒu,private; privately-owned
7-9,死心,sǐxīn,to give up; to admit failure; to drop the matter; to reconcile oneself to loss; to have no more illusions about
7-9,寺,sì,Buddhist temple; mosque; government office (old)
7-9,四方,sìfāng,four directions;
7-9,伺机,sìjī,to wait for an opportunity; to watch for one's chance
7-9,饲料,sìliào,feed; fodder
7-9,饲养,sìyǎng,to raise; to rear
7-9,四肢,sìzhī,the four limbs of the body
7-9,松弛,sōngchí,to relax; relaxed; limp; lax
7-9,松树,sōngshù,pine; pine tree
7-9,松懈,sōngxiè,lax; slack
7-9,耸,sǒng,to excite; to raise up; to shrug; high; lofty; towering
7-9,耸立,sǒnglì,to stand tall; to tower aloft
7-9,怂恿,sǒngyǒng,abet; incite; instigate; egg sb. on
7-9,送别,sòngbié,see sb. off
7-9,送行,sòngxíng,to see someone off; to throw someone a send-off party
7-9,搜救,sōujiù,search and rescue
7-9,搜寻,sōuxún,to search; to look for
7-9,酥,sū,flaky pastry; crunchy; limp; soft; silky
7-9,苏醒,sūxǐng,awaken; come to one's senses
7-9,俗,sú,custom; convention; popular; common; coarse; vulgar; secular
7-9,俗语,súyǔ,common saying; proverb; colloquial speech
7-9,素,sù,"raw silk; white; plain, unadorned; vegetarian (food); essence; nature; element; constituent; usually; always; ever"
7-9,素不相识,sùbùxiāngshí,to be total strangers (idiom)
7-9,素材,sùcái,source material (in literature and art)
7-9,诉苦,sùkǔ,to grumble; to complain; grievance
7-9,诉求,sùqiú,appeal; petition; recount and request
7-9,素食,sùshí,vegetarian food; to eat a vegetarian diet
7-9,诉说,sùshuō,to recount; to tell of; to relate; (fig.) (of a thing) to stand as testament to (some past history)
7-9,诉讼,sùsòng,lawsuit
7-9,素养,sùyǎng,(personal) accomplishment; attainment in self-cultivation
7-9,蒜,suàn,garlic
7-9,算计,suànjì,to reckon; to calculate; to plan; to expect; to scheme
7-9,算盘,suànpán,abacus
7-9,算数,suànshù,to count numbers; to keep to one's word; to hold (i.e. to remain valid); to count (i.e. to be important)
7-9,算账,suànzhàng,(accounting) to balance the books; to do the accounts; (fig.) to settle an account; to get one's revenge
7-9,虽说,suīshuō,though; although
7-9,随处可见,suíchù kě jiàn,can be seen everywhere
7-9,随机,suíjī,according to the situation; pragmatic; random
7-9,随身,suíshēn,to (carry) on one's person; to (take) with one
7-9,随心所欲,suíxīnsuǒyù,to follow one's heart's desires; to do as one pleases (idiom)
7-9,隧道,suìdào,tunnel
7-9,缩,suō,to withdraw; to pull back; to contract; to shrink; to reduce; abbreviation; also pr. [sù]
7-9,缩减,suōjiǎn,reduce; curtail; cut down
7-9,缩水,suōshuǐ,to shrink (in the wash); fig. to shrink (of profits etc)
7-9,缩影,suōyǐng,miniature version of sth; microcosm; epitome; (Tw) to microfilm
7-9,锁定,suǒdìng,"to lock (a door); to close with a latch; to lock into place; a lock; a latch; to lock a computer file (to prevent it being overwritten); to lock (denying access to a computer system or device or files, e.g. by password-protection); to focus attention on; to target"
7-9,索赔,suǒpéi,claim compensation
7-9,索取,suǒqǔ,to ask; to demand
7-9,琐碎,suǒsuì,trivial; petty; haggling
7-9,所谓,suǒwèi,so-called; what is called
7-9,索性,suǒxìng,you might as well (do it); simply; just
7-9,所在,suǒzài,be located in; the place where sb or sth is
7-9,胎,tāi,fetus; classifier for litters (of puppies etc); padding (in clothing or bedding); womb carrying a fetus; (fig.) origin; source; (loanword) tire
7-9,胎儿,tāi’ér,unborn child; fetus; embryo
7-9,泰斗,tàidǒu,(abbr. for 斗) distinguished figure; doyen; revered authority
7-9,太极,tàijí,"the Absolute or Supreme Ultimate, the source of all things according to some interpretations of Chinese mythology"
7-9,太平,tàipíng,place name; peace and security
7-9,态势,tàishì,a state; a posture; a situation; a condition
7-9,贪,tān,to have a voracious desire for; to covet; greedy; corrupt
7-9,摊,tān,to spread out; vendor's stand
7-9,瘫,tān,paralyzed
7-9,贪吃,tānchī,gluttonous; engorged; engorges; cram; engorging
7-9,贪婪,tānlán,avaricious; greedy; rapacious; insatiable; avid
7-9,贪污,tānwū,to be corrupt; corruption; to embezzle
7-9,坛,tán,altar
7-9,痰,tán,phlegm; spittle
7-9,谈及,tánjí,mention; touch on; allude to
7-9,坦白,tǎnbái,honest; forthcoming; to confess
7-9,坦诚,tǎnchéng,candid; frank; plain dealing
7-9,坦然,tǎnrán,calm; undisturbed
7-9,坦率,tǎnshuài,frank (discussion); blunt; open
7-9,坦言,tǎnyán,speak frankly; to say frankly
7-9,毯子,tǎnzi,blanket
7-9,炭,tàn,wood charcoal; coal
7-9,探,tàn,to explore; to search out; to scout; to visit; to stretch forward
7-9,探测,tàncè,to probe; to survey
7-9,探究,tànjiū,to probe; to research; to investigate
7-9,叹气,tànqì,to sigh; to heave a sigh
7-9,探亲,tànqīn,to go home to visit one's family
7-9,探求,tànqiú,to seek; to pursue; to investigate
7-9,探望,tànwàng,visit (relatives etc); to see (a friend etc)
7-9,探险,tànxiǎn,to explore; to go on an expedition; adventure
7-9,糖尿病,tángniàobìng,diabetes; diabetes mellitus
7-9,淌,tǎng,to drip; to trickle; to shed (tears)
7-9,倘若,tǎngruò,if; supposing; in case
7-9,陶瓷,táocí,pottery and porcelain; ceramics
7-9,逃生,táoshēng,to flee for one's life
7-9,逃亡,táowáng,to flee; flight (from danger); fugitive
7-9,陶冶,táoyě,lit. to fire pots and smelt metal; fig. to educate
7-9,陶醉,táozuì,to be infatuated with; to be drunk with; to be enchanted with; to revel in
7-9,讨,tǎo,to invite; to provoke; to demand or ask for; to send armed forces to suppress; to denounce or condemn; to marry (a woman); to discuss or study
7-9,讨好,tǎohǎo,to get the desired outcome; to win favor by fawning on sb; to curry favor with; a fruitful outcome to reward one's labor
7-9,特此,tècǐ,hereby; specially; for the very purpose
7-9,特例,tèlì,special case; isolated example
7-9,特邀,tèyāo,special invitation
7-9,特制,tèzhì,special; unique
7-9,特质,tèzhì,characteristic; special quality
7-9,腾,téng,(bound form) to gallop; to prance; (bound form) to soar; to hover; to make room; to clear out; to vacate; (verb suffix indicating repeated action)
7-9,疼爱,téngài,to love dearly
7-9,藤蔓,téngwàn,vine
7-9,剔除,tīchú,to reject; to discard; to get rid of
7-9,提拔,tíbá,to promote to a higher job; to select for promotion
7-9,提纲,tígāng,outline; synopsis; notes
7-9,提及,tíjí,mention; touch on; allude to
7-9,提炼,tíliàn,"to extract (ore, minerals etc); to refine; to purify; to process"
7-9,提名,tímíng,to nominate
7-9,提速,tísù,to increase the specified cruising speed; to pick up speed; to speed up
7-9,提议,tíyì,proposal; suggestion; to propose; to suggest
7-9,体裁,tǐcái,types or forms of literature
7-9,体谅,tǐliàng,to empathize; to allow (for sth); to show understanding; to appreciate
7-9,体面,tǐmiàn,dignity; prestige; face; honorable; creditable; (of sb's appearance) presentable; respectable
7-9,体能,tǐnéng,stamina
7-9,体魄,tǐpò,physique; build
7-9,体贴,tǐtiē,considerate (of other people's needs)
7-9,体制,tǐzhì,system; organization
7-9,体质,tǐzhì,constitution
7-9,剃,tì,shave;to cut off
7-9,替补,tìbǔ,substitute
7-9,天敌,tiāndí,natural enemy
7-9,天地,tiāndì,heaven and earth; world; scope; field of activity
7-9,天鹅,tiān’é,swan
7-9,天分,tiānfèn,natural gift; talent
7-9,天赋,tiānfù,gift; innate skill
7-9,天花板,tiānhuābǎn,ceiling
7-9,添加剂,tiānjiājì,additive
7-9,天伦之乐,tiānlúnzhīlè,family love and joy; domestic bliss
7-9,天平,tiānpíng,scales (to weigh things)
7-9,天生,tiānshēng,nature; disposition; innate; natural
7-9,天使,tiānshǐ,angel
7-9,天堂,tiāntáng,paradise
7-9,天线,tiānxiàn,antenna; mast; connection with high-ranking officials
7-9,天性,tiānxìng,nature; innate tendency
7-9,填补,tiánbǔ,to fill a gap; to fill in a blank (on a form); to overcome a deficiency
7-9,填充,tiánchōng,to fill up; to stuff; to fill in a blank space
7-9,甜美,tiánměi,sweet; pleasant; happy
7-9,甜蜜,tiánmì,sweet; happy
7-9,田野,tiányě,field; open land
7-9,田园,tiányuán,pastoral
7-9,舔,tiǎn,to lick; to lap
7-9,挑剔,tiāoti,picky; fussy
7-9,调和,tiáohé,harmonious; to mediate; to reconcile; mediation; to compromise; to mix; to blend; blended; to season; seasoning; to placate
7-9,调剂,tiáojì,to adjust; to balance; to make up a medical prescription
7-9,调解,tiáojiě,to mediate; to bring parties to an agreement
7-9,调侃,tiáokǎn,to ridicule; to tease; to mock; idle talk; chitchat
7-9,调控,tiáokòng,to regulate; to control
7-9,条款,tiáokuǎn,term; clause
7-9,条例,tiáolì,regulations; rules; code of conduct; ordinances; statutes
7-9,调料,tiáoliào,condiment; seasoning; flavoring
7-9,调试,tiáoshì,to debug; to adjust components during testing; debugging
7-9,条约,tiáoyuē,treaty; pact
7-9,挑,tiǎo,raise;lift
7-9,挑拨,tiǎobō,to incite disharmony; to instigate
7-9,跳动,tiàodòng,to throb; to pulse; to bounce; to jiggle; to jump about
7-9,跳伞,tiàosǎn,to parachute; to bail out; parachute jumping
7-9,眺望,tiàowàng,look at from a height; gaze from a distance
7-9,跳跃,tiàoyuè,to jump; to leap; to bound; to skip
7-9,贴切,tiēqiè,close-fitting; closest (translation)
7-9,铁,tiě,surname Tie; iron (metal); arms; weapons; hard; strong; violent; unshakeable; determined; close; tight (slang)
7-9,帖子,tiězi,card; invitation; message; (forum) post
7-9,听从,tīngcóng,to listen and obey; to comply with; to heed; to hearken
7-9,停泊,tíngbó,to anchor; anchorage; mooring (of a ship)
7-9,停顿,tíngdùn,to halt; to break off; pause (in speech)
7-9,停业,tíngyè,to cease trading (temporarily or permanently); to close down
7-9,停滞,tíngzhì,stagnation; at a standstill; bogged down
7-9,亭子,tíngzi,pavilion
7-9,挺拔,tǐngbá,tall and straight
7-9,通报,tōngbào,to inform; to notify; to announce; circular; bulletin; (scientific) journal
7-9,通畅,tōngchàng,unobstructed; clear; (of writing or thinking) coherent; fluent
7-9,通车,tōngchē,"to open to traffic (e.g. new bridge, rail line etc); (of a locality) to have a transportation service; (Tw) to commute"
7-9,通红,tōnghóng,very red; red through and through; to blush (deep red)
7-9,通货膨胀,tōnghuò péngzhàng,inflation
7-9,通缉,tōngjī,to order the arrest of sb as criminal; to list as wanted
7-9,通顺,tōngshùn,smooth; clear and coherent
7-9,通俗,tōngsú,common; everyday; average
7-9,通通,tōngtōng,all; entire; complete
7-9,通宵,tōngxiāo,all night; throughout the night
7-9,同胞,tóngbāo,born of the same parents; sibling; fellow citizen; compatriot
7-9,同比,tóngbǐ,compared with the same period of the previous year
7-9,同步,tóngbù,synchronous; to synchronize; to keep step with
7-9,同等,tóngděng,equal to; having the same social class or status
7-9,同感,tónggǎn,same feeling
7-9,同伙,tónghuǒ,colleague; co-conspirator; accomplice
7-9,同期,tóngqī,the corresponding time period (in a different year etc); concurrent; synchronous
7-9,同仁,tóngrén,same-minded people; same trade; colleagues
7-9,同志,tóngzhì,comrade; (slang) homosexual
7-9,捅,tǒng,to stab; to poke; to prod; to nudge; to disclose
7-9,统统,tǒngtǒng,totally
7-9,统治,tǒngzhì,to rule (a country); to govern; rule; regime
7-9,痛心,tòngxīn,grieved; pained
7-9,偷窥,tōukuī,to peep; to peek; to act as voyeur
7-9,偷懒,tōulǎn,to goof off; to be lazy
7-9,投奔,tóubèn,to seek shelter; to seek asylum
7-9,投放,tóufàng,to put into use; to release; to launch
7-9,投稿,tóugǎo,to submit articles for publication; to contribute (writing)
7-9,头号,tóuhào,first rate; top rank; number one
7-9,投机,tóujī,to speculate (on financial markets); opportunistic; congenial; agreeable
7-9,投身,tóushēn,to throw oneself into sth
7-9,头条,tóutiáo,"Toutiao, personalized content recommendation app (abbr. for 今日头条); lead story (on the news)"
7-9,头衔,tóuxián,title; rank; appellation
7-9,投降,tóuxiáng,to surrender; surrender
7-9,投掷,tóuzhì,to throw sth a long distance; to hurl; to throw at; to throw (dice etc); to flip (a coin)
7-9,透彻,tòuchè,penetrating; thorough; incisive
7-9,透支,tòuzhī,"(banking) to overdraw; to take out an overdraft; an overdraft; to overspend (i.e. expenditure in excess of revenue); (old) to draw one's wage in advance; (fig.) to exhaust (one's enthusiasm, energy etc); to damage a natural resource through overuse"
7-9,凸,tū,to stick out; protruding; convex; male (connector etc); Taiwan pr. [tú]
7-9,秃,tū,bald; blunt
7-9,突击,tūjī,sudden and violent attack; assault; fig. rushed job; concentrated effort to finish a job quickly
7-9,突破口,tūpòkǒu,breach; gap; breakthrough point
7-9,突兀,tūwù,sudden; abrupt
7-9,凸显,tūxiǎn,to present clearly; to give prominence to; to magnify; clear and obvious
7-9,涂,tú,to apply (paint etc); to smear; to daub; to blot out; to scribble; to scrawl; (literary) mud; street; surname Tu; variant of 途
7-9,徒步,túbù,to be on foot
7-9,徒劳,túláo,futile effort; fruitless labour
7-9,屠杀,túshā,massacre; to slaughter
7-9,图形,túxíng,picture; figure; diagram; graph; depiction; graphical
7-9,吐槽,tǔcáo,to roast; to flame; to diss
7-9,团伙,tuánhuǒ,(criminal) gang; gang member; accomplice; crony
7-9,团聚,tuánjù,reunite (especially family members)
7-9,团员,tuányuán,member; group member
7-9,推断,tuīduàn,to infer; to deduce; to predict; to extrapolate
7-9,推翻,tuīfān,to overthrow
7-9,推理,tuīlǐ,reasoning; inference; to infer; to deduce
7-9,推论,tuīlùn,to infer; inference; corollary; reasoned conclusion
7-9,推敲,tuīqiāo,to think over
7-9,推算,tuīsuàn,to calculate; to reckon; to extrapolate (in calculation)
7-9,推卸,tuīxiè,to avoid (esp. responsibility); to shift (the blame); to pass the buck
7-9,推选,tuīxuǎn,to elect; to choose
7-9,推移,tuīyí,(of time) to elapse or pass; (of a situation) to develop or evolve
7-9,颓废,tuífèi,decadent; dispirited; depressed; dejected
7-9,退化,tuìhuà,degenerate
7-9,退回,tuìhuí,to return (an item); to send back; to go back
7-9,退却,tuìquè,retreat
7-9,退让,tuìràng,to move aside; to get out of the way; to back down; to concede
7-9,退缩,tuìsuō,to shrink back; to cower
7-9,退役,tuìyì,(of military personnel or athletes) to retire; (of outdated equipment) to be decommissioned
7-9,吞吞吐吐,tūntūntǔtǔ,hesitate in speech; hum and haw; mutter and mumble
7-9,托,tuō,prop; support (for weight); rest (e.g. arm rest); thanks to; to hold in one's hand; to support in one's palm; to give; to base; to commit; to set; torr (unit of pressure); to trust; to entrust; to be entrusted with; to act as trustee
7-9,托付,tuōfù,to entrust
7-9,脱节,tuōjié,to come apart
7-9,脱口而出,tuōkǒu’érchū,to blurt out; to let slip (an indiscreet remark)
7-9,拖累,tuōlěi,to encumber; to be a burden on; to implicate
7-9,脱离,tuōlí,to separate oneself from; to break away from; diastasis (medicine); abscission; abjunction (botany)
7-9,脱落,tuōluò,to drop off; to come off; to lose (hair etc); to omit (a character when writing)
7-9,拖欠,tuōqiàn,in arrears; behind in payments; to default on one's debts
7-9,脱身,tuōshēn,to get away; to escape (from obligations); to free oneself; to disengage
7-9,驮,tuó,variant of 驮; to carry on one's back
7-9,妥,tuǒ,appropriate; proper
7-9,妥当,tuǒdàng,appropriate; proper; ready
7-9,妥协,tuǒxié,to compromise; to reach terms; a compromise
7-9,椭圆,tuǒyuán,oval; ellipse; elliptic
7-9,拓宽,tuòkuān,to broaden
7-9,唾弃,tuòqì,cast aside; spurn
7-9,唾液,tuòyè,saliva
7-9,挖苦,wāku,to speak sarcastically; to make cutting remarks; also pr. [wā ku]
7-9,瓦,wǎ,roof tile; abbr. for 特
7-9,瓦解,wǎjiě,to collapse; to disintegrate; to crumble; to disrupt; to break up
7-9,歪曲,wāiqū,to distort; to misrepresent
7-9,外币,wàibì,foreign currency
7-9,外行,wàiháng,layman; amateur
7-9,外号,wàihào,nickname
7-9,外汇,wàihuì,foreign (currency) exchange
7-9,外籍,wàijí,foreign (i.e. of foreign nationality)
7-9,外贸,wàimào,foreign trade
7-9,外向,wàixiàng,extroverted (personality); (economics etc) export-oriented
7-9,外星人,wàixīngrén,space alien; extraterrestrial
7-9,外援,wàiyuán,foreign aid
7-9,外在,wàizài,external; outward
7-9,外资,wàizī,foreign investment
7-9,丸,wán,ball; pellet; pill
7-9,完备,wánbèi,faultless; complete; perfect; to leave nothing to be desired
7-9,顽固,wángù,stubborn; obstinate
7-9,完好,wánhǎo,intact; in good condition
7-9,玩弄,wánnòng,to play with; to toy with; to dally with; to engage in; to resort to
7-9,顽皮,wánpí,naughty
7-9,玩耍,wánshuǎ,to play (as children do); to amuse oneself
7-9,玩意儿,wányìr,erhua variant of 玩意; toy; thing; trick
7-9,丸子,wánzi,meatball
7-9,挽,wǎn,to pull; to draw (a cart or a bow); to roll up; to coil; to carry on the arm; to lament the dead; (fig.) to pull against; to recover; variant of 挽; to draw (a cart)
7-9,挽回,wǎnhuí,to retrieve; to redeem
7-9,挽救,wǎnjiù,to save; to remedy; to rescue
7-9,晚年,wǎnnián,one's later years
7-9,晚期,wǎnqī,late period
7-9,惋惜,wǎnxī,to regret; to feel that it is a great pity; to feel sorry for sb
7-9,万分,wànfēn,very much; extremely; one ten thousandth part
7-9,万能,wànnéng,omnipotent; all-purpose; universal
7-9,万万,wànwàn,absolutely; wholly
7-9,汪洋,wāngyáng,vast body of water
7-9,王牌,wángpái,trump card
7-9,往常,wǎngcháng,usual; customary
7-9,网点,wǎngdiǎn,(computing) node in a network; (commerce) sales outlet; branch; service center; (illustration) screentone; halftone dot
7-9,网民,wǎngmín,web user; netizen
7-9,往日,wǎngrì,former days; the past
7-9,往事,wǎngshì,past events; former happenings
7-9,旺,wàng,prosperous; flourishing; (of flowers) blooming; (of fire) roaring
7-9,旺季,wàngjì,busy season; peak period; see also 季
7-9,旺盛,wàngshèng,vigorous; exuberant
7-9,望远镜,wàngyuǎnjìng,binoculars; telescope
7-9,微,wēi,tiny; slight; minute
7-9,微波炉,wēibōlú,microwave oven
7-9,威风,wēifēng,might; awe-inspiring authority; impressive
7-9,微观,wēiguān,micro-; subatomic
7-9,危及,wēijí,"to endanger; to jeopardize; a danger (to life, national security etc)"
7-9,威力,wēilì,might; formidable power
7-9,微妙,wēimiào,subtle
7-9,微弱,wēiruò,weak; faint; feeble
7-9,威慑,wēishè,to cower by military force; deterrence
7-9,微生物,wēishēngwù,microbe; microorganism
7-9,威望,wēiwàng,prestige
7-9,微微,wēiwēi,barely perceptible; very slight; faintly
7-9,威信,wēixìn,"Weixin county in Zhaotong 通, Yunnan; prestige; reputation; trust; credit with the people"
7-9,微型,wēixíng,miniature; micro-; tiny
7-9,唯,wéi,"only; alone; -ism (in Chinese, a prefix, often combined with a suffix such as 主义 or 论, e.g. 唯理论, rationalism)"
7-9,违背,wéibèi,to go against; to be contrary to; to violate
7-9,唯独,wéidú,only; alone
7-9,围观,wéiguān,crowd around to watch
7-9,维权,wéiquán,to protect one's rights and interests; to defend legal rights
7-9,为人,wéirén,to conduct oneself; behavior; conduct; personal character
7-9,唯有,wéiyǒu,only; alone
7-9,违约,wéiyuē,to break a contract; breach of contract
7-9,违章,wéizhāng,to break the rules; to violate regulations
7-9,尾声,wěishēng,coda; epilogue; end
7-9,萎缩,wěisuō,"to wither; to dry up (of a plant); to atrophy (of muscle, social custom etc)"
7-9,委婉,wěiwǎn,tactful; euphemistic; (of voice etc) suave; soft
7-9,委员,wěiyuán,committee member
7-9,委员会,wěiyuánhuì,committee
7-9,伪造,wěizào,to forge; to fake; to counterfeit
7-9,伪装,wěizhuāng,to pretend to be (asleep etc); to disguise oneself as; pretense; disguise; (military) to camouflage; camouflage
7-9,味精,wèijīng,monosodium glutamate (MSG)
7-9,畏惧,wèijù,to fear; to dread; foreboding
7-9,蔚蓝,wèilán,azure; sapphire
7-9,未免,wèimiǎn,unavoidably; can't help; really; rather
7-9,卫视,wèishì,satellite TV (abbr. for 卫星电视)
7-9,畏缩,wèisuō,shrink from
7-9,慰问,wèiwèn,"to express sympathy, greetings, consolation etc"
7-9,卫星,wèixīng,satellite; moon
7-9,喂养,wèiyǎng,"to feed (a child, domestic animal etc); to keep; to raise (an animal)"
7-9,未知数,wèizhīshù,unknown quantity
7-9,温差,wēnchà,temperature difference
7-9,温带,wēndài,temperate zone
7-9,温度计,wēndùjì,thermometer; thermograph
7-9,温泉,wēnquán,"Arishang Nahiyisi or Wenquan county in Börtala Mongol autonomous prefecture 博尔塔拉蒙古自治州, Xinjiang; hot spring; spa; onsen"
7-9,温室,wēnshì,greenhouse
7-9,温习,wēnxí,to review (a lesson etc)
7-9,温馨,wēnxīn,comfort; soft and fragrant; warm
7-9,瘟疫,wēnyì,plague; pestilence
7-9,文,wén,surname Wen; language; culture; writing; formal; literary; gentle; (old) classifier for coins; Kangxi radical 67
7-9,文盲,wénmáng,illiterate
7-9,文凭,wénpíng,diploma
7-9,文人,wénrén,literati; scholar
7-9,文雅,wényǎ,elegant; refined
7-9,蚊子,wénzi,mosquito
7-9,吻,wěn,kiss; to kiss; mouth; variant of 吻
7-9,稳,wěn,settled; steady; stable
7-9,稳固,wěngù,firm; stable
7-9,吻合,wěnhé,to be a good fit; to be identical with; to adjust oneself to; to fit in
7-9,稳妥,wěntuǒ,dependable
7-9,稳重,wěnzhòng,steady; earnest; staid
7-9,问候,wènhòu,to give one's respects; to send a greeting; (fig.) (coll.) to make offensive reference to (somebody dear to the person to whom one is speaking)
7-9,问世,wènshì,to be published; to come out
7-9,窝,wō,nest; pit or hollow on the human body; lair; den; place; to harbor or shelter; to hold in check; to bend; classifier for litters and broods
7-9,卧,wò,to lie; to crouch
7-9,卧铺,wòpù,a bed (on a train); a couchette
7-9,污秽,wūhuì,nasty; sordid; filthy
7-9,污蔑,wūmiè,variant of 污蔑; to slander; to smear; to tarnish
7-9,诬陷,wūxiàn,to entrap; to frame; to plant false evidence against sb
7-9,呜咽,wūyè,to sob; to whimper
7-9,乌云,wūyún,black cloud
7-9,无比,wúbǐ,matchless
7-9,无不,wúbù,none lacking; none missing; everything is there; everyone without exception
7-9,无偿,wúcháng,free; no charge; at no cost
7-9,无耻,wúchǐ,without any sense of shame; unembarrassed; shameless
7-9,无敌,wúdí,unequalled; without rival; a paragon
7-9,无动于衷,wúdòngyúzhōng,aloof; indifferent; unconcerned
7-9,无非,wúfēi,only; nothing else
7-9,无故,wúgù,without cause or reason
7-9,无辜,wúgū,innocent; innocence; not guilty (law)
7-9,无可奈何,wúkěnàihé,have no way out; have no alternative; abbr. to 无奈
7-9,无力,wúlì,powerless; lacking strength
7-9,无理,wúlǐ,irrational; unreasonable
7-9,无能,wúnéng,incompetent; incapable
7-9,无能为力,wúnéngwéilì,impotent (idiom); powerless; helpless
7-9,无私,wúsī,selfless; unselfish; disinterested; altruistic
7-9,无所事事,wúsuǒshìshì,to have nothing to do; to idle one's time away (idiom)
7-9,无所作为,wúsuǒzuòwéi,attempting nothing and accomplishing nothing (idiom); without any initiative or drive; feckless
7-9,无条件,wútiáojiàn,unconditional
7-9,无线,wúxiàn,wireless
7-9,无形,wúxíng,incorporeal; virtual; formless; invisible (assets); intangible
7-9,无须,wúxū,need not; not obliged to; not necessarily
7-9,无意,wúyì,inadvertent; accidental; to have no intention of (doing sth)
7-9,无知,wúzhī,ignorant; ignorance
7-9,捂,wǔ,"to enclose; to cover with the hand (one's eyes, nose or ears); to cover up (an affair); contrary; to contradict"
7-9,舞,wǔ,dance
7-9,五官,wǔguān,five sense organs
7-9,武力,wǔlì,military force
7-9,武侠,wǔxiá,"martial arts chivalry (Chinese literary, theatrical and cinema genre); knight-errant"
7-9,武装,wǔzhuāng,arms; equipment; to arm; military; armed (forces)
7-9,勿,wù,do not
7-9,务必,wùbì,must; to need to; to be sure to
7-9,误差,wùchā,difference; error; inaccuracy
7-9,误导,wùdǎo,to mislead; to misguide; misleading
7-9,务工,wùgōng,be engaged in industrial or engineering work
7-9,物力,wùlì,material resources; economic strength
7-9,物流,wùliú,distribution (business); logistics
7-9,误区,wùqū,mistaken ideas; misconceptions; the error of one's ways
7-9,物色,wùsè,look for
7-9,务实,wùshí,pragmatic; dealing with concrete issues
7-9,物种,wùzhǒng,species
7-9,物资,wùzī,goods; supplies
7-9,稀,xī,rare; uncommon; watery; sparse
7-9,溪,xī,mountain stream
7-9,吸毒,xīdú,to take drugs
7-9,熄火,xīhuǒ,"(of fire, lamp etc) to go out; to put out (fire); (fig.) to die down; (of a vehicle) to stall"
7-9,犀利,xīlì,sharp; incisive; piercing
7-9,奚落,xīluò,to taunt; to ridicule; to jeer at
7-9,熄灭,xīmiè,to stop burning; to go out (of fire); to die out; extinguished
7-9,吸纳,xīnà,to take in; to absorb; to admit; to accept
7-9,稀奇,xīqí,rare; strange
7-9,昔日,xīrì,former days; in the past
7-9,稀少,xīshǎo,sparse; rare
7-9,牺牲,xīshēng,to sacrifice one's life; to sacrifice (sth valued); beast slaughtered as a sacrifice
7-9,嬉笑,xīxiào,to be laughing and playing; to giggle
7-9,夕阳,xīyáng,sunset; the setting sun
7-9,稀有,xīyǒu,rare
7-9,锡纸,xīzhǐ,tin foil
7-9,席,xí,"surname Xi; woven mat; seat; banquet; place in a democratic assembly; classifier for banquets, conversations etc; variant of 席"
7-9,袭击,xíjī,attack (esp. surprise attack); raid; to attack
7-9,席位,xíwèi,"a seat (in a theater, stadium etc); parliamentary or congressional seat"
7-9,洗涤,xǐdí,wash; cleanse
7-9,喜好,xǐhào,to like; fond of; to prefer; to love; one's tastes; preference
7-9,喜酒,xǐjiǔ,wedding feast; liquor drunk at a wedding feast
7-9,洗礼,xǐlǐ,baptism (lit. or fig.)
7-9,喜庆,xǐqìng,jubilation; festive
7-9,喜糖,xǐtáng,sweet given on a happy occasion (esp. wedding)
7-9,喜洋洋,xǐyángyáng,radiant with joy
7-9,喜悦,xǐyuè,happy; joyous
7-9,细腻,xìnì,exquisite; meticulous
7-9,细微,xìwēi,subtle; infinitesimal
7-9,虾,xiā,shrimp; prawn
7-9,狭隘,xiá’ài,narrow; tight; narrow minded; lacking in experience
7-9,瑕疵,xiácī,flaw
7-9,峡谷,xiágǔ,canyon; gill; ravine
7-9,辖区,xiáqū,jurisdiction
7-9,狭小,xiáxiǎo,narrow
7-9,下半场,xiàbànchǎng,second half
7-9,下场,xiàchǎng,"to leave (the stage, an exam room, the playing field etc); to take part in some activity; to take an examination (in the imperial examination system)"
7-9,下达,xiàdá,to issue (a directive)
7-9,下跌,xiàdiē,to fall; to tumble
7-9,吓唬,xiàhu,to scare; to frighten
7-9,下滑,xiàhuá,to slide down; to decline; to slip
7-9,下级,xiàjí,low ranking; low level; underclass; subordinate
7-9,下令,xiàlìng,to give an order; to command
7-9,下落,xiàluò,whereabouts; to drop; to fall
7-9,吓人,xiàrén,to scare; scary; frightening
7-9,下属,xiàshǔ,subordinate; underling
7-9,下台,xiàtái,to go off the stage; to fall from position of prestige; to step down (from office etc); to disentangle oneself; to get off the hook
7-9,下调,xiàtiáo,to lower; to reduce; to scale back
7-9,下行,xiàxíng,going down; downward (direction); (internet, finance) bearish
7-9,下意识,xiàyìshí,subconscious mind
7-9,下游,xiàyóu,lower reaches (of a river); lower level; lower echelon; downstream
7-9,下坠,xiàzhuì,(of objects) to fall; to drop; to droop; (medicine) to experience tenesmus
7-9,先锋,xiānfēng,vanguard; pioneer; avant-garde
7-9,仙鹤,xiānhè,red-crowned crane (Grus japonensis)
7-9,鲜活,xiānhuó,vivid; lively; (of food ingredients) live or fresh
7-9,先例,xiānlì,antecedent; precedent
7-9,鲜美,xiānměi,delicious; tasty
7-9,仙女,xiānnǚ,fairy
7-9,掀起,xiānqǐ,"to lift; to raise (a lid etc); (of a storm) to surge; to stir up (waves etc); (fig.) to trigger; set off (a wave of popularity, a controversy etc)"
7-9,先天,xiāntiān,embryonic period (contrasted with 后天 [hòu tiān]); inborn; innate; natural
7-9,纤维,xiānwéi,fiber
7-9,鲜血,xiānxuè,blood
7-9,弦,xián,bow string; string of musical instrument; watchspring; chord (segment of curve); hypotenuse
7-9,闲话,xiánhuà,chat; chitchat; digression; rambling
7-9,衔接,xiánjiē,to link up; to connect; to join
7-9,嫌疑,xiányí,suspicion; to have suspicions
7-9,闲置,xiánzhì,unused; lie idle; set aside
7-9,显赫,xiǎnhè,illustrious; prominent
7-9,显露,xiǎnlù,reveal
7-9,鲜为人知,xiǎnwéirénzhī,
7-9,显现,xiǎnxiàn,appearance; to appear
7-9,显性,xiǎnxìng,dominant (gene)
7-9,显眼,xiǎnyǎn,conspicuous; eye-catching; glamorous
7-9,陷,xiàn,pitfall; trap; to get stuck; to sink; to cave in; to frame (false charge); to capture (a city in battle); to fall (to the enemy); defect
7-9,馅,xiàn,filling
7-9,献,xiàn,to offer; to present; to dedicate; to donate; to show; to put on display; worthy person (old)
7-9,现成,xiànchéng,ready-made; readily available
7-9,限定,xiàndìng,to restrict to; to limit
7-9,宪法,xiànfǎ,constitution (of a country)
7-9,陷阱,xiànjǐng,pitfall; snare; trap
7-9,现任,xiànrèn,"to occupy a post currently; current (president etc); incumbent; (coll.) current boyfriend (girlfriend, spouse)"
7-9,线条,xiàntiáo,line
7-9,现行,xiànxíng,to be in effect; in force; current
7-9,镶,xiāng,to inlay; to embed; ridge; border
7-9,相伴,xiāngbàn,to accompany sb; to accompany each other
7-9,相近,xiāngjìn,close
7-9,香料,xiāngliào,spice; flavoring; condiment; perfume
7-9,镶嵌,xiāngqiàn,to inlay; to embed; to set (e.g. a jewel in a ring); tiling; tesselation
7-9,乡亲,xiāngqīn,fellow countryman (from the same village); local people; villager; the folks back home
7-9,相识,xiāngshí,to get to know each other; acquaintance
7-9,相通,xiāngtōng,interlinked; connected; communicating; in communication; accommodating
7-9,乡下,xiāngxia,countryside; rural area
7-9,香油,xiāngyóu,sesame oil; perfumed oil
7-9,相遇,xiāngyù,to meet; to encounter; to come across
7-9,相约,xiāngyuē,"to agree (on a meeting place, date etc); to reach agreement; to make an appointment"
7-9,祥和,xiánghé,peaceful and auspicious
7-9,详尽,xiángjìn,thorough and detailed; exhaustive; the tedious details in full
7-9,响亮,xiǎngliàng,loud and clear; resounding
7-9,响应,xiǎngyìng,to respond to; answer
7-9,享用,xiǎngyòng,enjoy
7-9,享有,xiǎngyǒu,"to enjoy (rights, privileges etc)"
7-9,橡胶,xiàngjiāo,rubber; caoutchouc
7-9,向来,xiànglái,always (previously)
7-9,相貌,xiàngmào,looks; facial features; appearance
7-9,像样,xiàngyàng,presentable; decent; up to par
7-9,消,xiāo,to diminish; to subside; to consume; to reduce; to idle away (the time); (after 不 or 只 or 何 etc) to need; to require; to take
7-9,销,xiāo,to melt (metal); to cancel; to annul; to sell; to expend; to spend; pin; bolt; to fasten with a pin or bolt
7-9,削,xiāo,to peel with a knife; to pare; to cut (a ball at tennis etc)
7-9,消沉,xiāochén,depressed; bad mood; low spirit
7-9,销毁,xiāohuǐ,to destroy (by melting or burning); to obliterate
7-9,消磨,xiāomó,wear away; while away (the time)
7-9,潇洒,xiāosǎ,confident and at ease; free and easy
7-9,萧条,xiāotiáo,bleak; desolate; (economics) in a slump; sluggish; depressed
7-9,嚣张,xiāozhāng,arrogant and aggressive; overweening; pushing one's luck; running wild
7-9,小丑,xiǎochǒu,clown
7-9,小费,xiǎofèi,tip; gratuity
7-9,小看,xiǎokàn,to look down on; to underestimate
7-9,小品,xiǎopǐn,"short, simple literary or artistic creation; essay; skit"
7-9,小人,xiǎorén,"person of low social status (old); I, me (used to refer humbly to oneself); nasty person; vile character"
7-9,小提琴,xiǎotíqín,fiddle; violin
7-9,效仿,xiàofǎng,see 仿效
7-9,孝敬,xiàojìng,to show filial respect; to give presents (to one's elders or superiors); to support one's aged parents
7-9,效力,xiàolì,effectiveness; positive effect; to serve (in some capacity)
7-9,孝顺,xiàoshùn,filial; dutiful; devoted to one's parents (and grandparents etc); to show filial piety towards (an older family member); filial piety
7-9,肖像,xiàoxiàng,"portrait (painting, photo etc); (in a general sense) representation of a person; likeness"
7-9,效益,xiàoyì,benefit; effectiveness; efficiency
7-9,邪,xié,old variant of 邪; demonic; iniquitous; nefarious; evil; unhealthy influences that cause disease (Chinese medicine); (coll.) strange; abnormal
7-9,挟持,xiéchí,hold sb/sth in one's arms; to hold (hostages, sb); to coerce; to abduct
7-9,协定,xiédìng,agreement; accord; to reach an agreement
7-9,协商,xiéshāng,to consult with; to talk things over; agreement
7-9,携手,xiéshǒu,hand in hand; to join hands; to collaborate
7-9,协同,xiétóng,to cooperate; in coordination with; coordinated; collaborate; collaboration; collaborative
7-9,协作,xiézuò,cooperate with
7-9,写照,xiězhào,portrayal
7-9,卸,xiè,to unload; to unhitch; to remove or strip; to get rid of
7-9,谢绝,xièjué,to refuse politely
7-9,泄漏,xièlòu,(of a liquid or gas) to leak; to divulge; to leak (information)
7-9,泄露,xièlòu,to leak (information); to divulge; also pr. [xiè lòu]
7-9,泄密,xièmì,to leak secrets
7-9,泄气,xièqì,to leak (gas); to be discouraged; to despair; (disparaging) pathetic; to vent one's anger; (of a tire) to be flat
7-9,卸任,xièrèn,to step down from a post
7-9,卸载,xièzài,uninstall
7-9,心病,xīnbìng,anxiety; sore point; secret worry; mental disorder; heart disease (medicine)
7-9,新潮,xīncháo,modern; fashionable
7-9,薪酬,xīnchóu,salary and remuneration
7-9,新春,xīnchūn,New Year
7-9,心得,xīndé,"what one has learned (through experience, reading etc); knowledge; insight; understanding; tips"
7-9,心慌,xīnhuāng,to be flustered; (dialect) irregular heart-beat
7-9,芯片,xīnpiàn,computer chip; microchip
7-9,新奇,xīnqí,novel; new; exotic
7-9,辛勤,xīnqín,hardworking; industrious
7-9,心声,xīnshēng,thoughts; feelings; aspirations; heartfelt wishes; inner voice
7-9,新生,xīnshēng,new; newborn; emerging; nascent; rebirth; regeneration; new life; new student
7-9,心事,xīnshì,a load on one's mind; worry
7-9,新式,xīnshì,new style; latest type
7-9,新手,xīnshǒu,new hand; novice; raw recruit
7-9,心思,xīnsi,mind; thoughts; inclination; mood
7-9,心酸,xīnsuān,to feel sad
7-9,辛酸,xīnsuān,bitterness
7-9,欣慰,xīnwèi,to be gratified
7-9,心胸,xīnxiōng,heart; mind; ambition; aspiration
7-9,心血,xīnxuè,painstaking effort
7-9,心眼儿,xīnyǎnr,one's thoughts; mind; intention; willingness to accept new ideas; baseless suspicions
7-9,信件,xìnjiàn,letter (sent by mail)
7-9,信仰,xìnyǎng,to believe in (a religion); firm belief; conviction
7-9,信誉,xìnyù,prestige; distinction; reputation; trust
7-9,腥,xīng,fishy (smell)
7-9,兴奋剂,xīngfènjì,stimulant; doping (in athletics)
7-9,星级,xīngjí,star-rated
7-9,兴建,xīngjiàn,to build; to construct
7-9,兴隆,xīnglóng,"Xinglong county in Chengde 德, Hebei; prosperous; thriving; flourishing"
7-9,星球,xīngqiú,planet
7-9,兴盛,xīngshèng,flourishing; prosperous
7-9,星系,xīngxì,galaxy
7-9,猩猩,xīngxing,orangutan; (slang) dialect speaker whose speech is corrupted by Standard Mandarin
7-9,星座,xīngzuò,constellation
7-9,刑法,xíngfǎ,criminal law
7-9,刑事,xíngshì,criminal; penal
7-9,行使,xíngshǐ,to exercise (a right etc)
7-9,行星,xíngxīng,planet
7-9,行政,xíngzhèng,administration; (attributive) administrative; executive
7-9,醒目,xǐngmù,eye-grabbing (headline); striking (illustration)
7-9,醒悟,xǐngwù,to come to oneself; to come to realize; to come to see the truth; to wake up to reality
7-9,幸存,xìngcún,to survive (a disaster)
7-9,性感,xìnggǎn,sex appeal; eroticism; sexuality; sexy
7-9,幸好,xìnghǎo,fortunately
7-9,幸亏,xìngkuī,fortunately; luckily
7-9,幸免,xìngmiǎn,to avoid (an unpleasant fate)
7-9,性命,xìngmìng,life
7-9,性情,xìngqíng,temperament; disposition
7-9,姓氏,xìngshì,family name
7-9,凶,xiōng,terrible; fearful; vicious; fierce; ominous; inauspicious; famine; variant of 凶
7-9,凶残,xiōngcán,savage; cruel; fierce
7-9,凶恶,xiōng’è,"fierce; ferocious; fiendish; frightening; variant of 凶恶, fierce"
7-9,凶狠,xiōnghěn,fierce and malicious; malevolent
7-9,胸怀,xiōnghuái,one's bosom (the seat of emotions); breast; broad-minded and open; to think about; to cherish
7-9,胸膛,xiōngtáng,chest
7-9,汹涌,xiōngyǒng,"to surge up violently (of ocean, river, lake etc); turbulent"
7-9,胸有成竹,xiōngyǒuchéngzhú,(idiom) to have a well thought out plan in mind
7-9,雄厚,xiónghòu,substantial; robust; ample; abundant
7-9,雄伟,xióngwěi,grand; imposing; magnificent; majestic
7-9,雄性,xióngxìng,male sex; male (animal); masculine
7-9,修补,xiūbǔ,to mend
7-9,修长,xiūcháng,slender; lanky; tall and thin
7-9,羞耻,xiūchǐ,(a feeling of) shame
7-9,休克,xiūkè,shock (loanword); to go into shock
7-9,休眠,xiūmián,to be dormant (biology); inactive (volcano); to hibernate (computing)
7-9,休想,xiūxiǎng,don't think (that); don't imagine (that)
7-9,休养,xiūyǎng,recuperate; recuperation
7-9,修养,xiūyǎng,accomplishment; training; self-cultivation
7-9,修正,xiūzhèng,to revise; to amend
7-9,绣,xiù,variant of 绣; to embroider; embroidery
7-9,锈,xiù,variant of 锈; to rust
7-9,嗅觉,xiùjué,sense of smell
7-9,秀丽,xiùlì,pretty; beautiful
7-9,秀美,xiùměi,elegant; graceful
7-9,袖珍,xiùzhēn,pocket-sized; pocket (book etc)
7-9,须,xū,must; to have to; to wait; beard; mustache; feeler (of an insect etc); tassel
7-9,虚,xū,emptiness; void; abstract theory or guiding principles; empty or unoccupied; diffident or timid; false; humble or modest; (of health) weak; virtual; in vain
7-9,虚构,xūgòu,to make up; fabrication; fictional; imaginary
7-9,虚幻,xūhuàn,imaginary; illusory
7-9,虚假,xūjiǎ,false; phony; pretense
7-9,虚拟,xūnǐ,to imagine; to make up; fictitious; theoretical; hypothetical; (computing) to emulate; (computing) virtual
7-9,虚荣,xūróng,vain; conceited
7-9,虚弱,xūruò,weak; in poor health
7-9,须知,xūzhī,key information; instructions; it must be borne in mind
7-9,徐徐,xúxú,slowly; gently
7-9,许,xǔ,surname Xu; to allow; to permit; to promise; to praise; somewhat; perhaps
7-9,许愿,xǔyuàn,make a wish; to promise sth (in the past)
7-9,序,xù,(bound form) order; sequence; (bound form) introductory; initial; preface
7-9,续航,xùháng,range (of a vehicle or aircraft)
7-9,酗酒,xùjiǔ,heavy drinking; to get drunk; to drink to excess
7-9,序列,xùliè,sequence; series
7-9,畜牧,xùmù,to raise animals
7-9,序幕,xùmù,prologue
7-9,旭日,xùrì,the rising sun
7-9,序言,xùyán,preface; introductory remarks; preamble; prelude
7-9,宣称,xuānchēng,to assert; to claim
7-9,宣读,xuāndú,to read out loud to an audience; a prepared speech (e.g. to a party conference)
7-9,宣告,xuāngào,to declare; to proclaim
7-9,喧闹,xuānnào,to make a noise; noisy
7-9,宣誓,xuānshì,to swear an oath (of office); to make a vow
7-9,宣泄,xuānxiè,vent
7-9,宣言,xuānyán,declaration; manifesto
7-9,宣扬,xuānyáng,to publicize; to advertise; to spread far and wide
7-9,玄,xuán,black; mysterious
7-9,悬,xuán,to hang or suspend; to worry; public announcement; unresolved; baseless; without foundation
7-9,玄机,xuánjī,profound theory (in Daoism and Buddhism); mysterious principles
7-9,旋律,xuánlǜ,melody
7-9,悬念,xuánniàn,"suspense in a movie, play etc; concern for sb's welfare"
7-9,悬殊,xuánshū,widely different; large disparity
7-9,旋涡,xuánwō,spiral; whirlpool; eddy; vortex
7-9,悬崖,xuányá,precipice; overhanging cliff
7-9,选举,xuǎnjǔ,to elect; election
7-9,选民,xuǎnmín,voter; constituency; electorate
7-9,选项,xuǎnxiàng,option; alternative; choice; to choose a project
7-9,选用,xuǎnyòng,to choose for some purpose; to select and use
7-9,炫耀,xuànyào,dazzling; to show off; to flaunt
7-9,削减,xuējiǎn,cut (down); reduce; slash; whittle down
7-9,削弱,xuēruò,to weaken; to impair; to cripple
7-9,学识,xuéshí,knowledge; scholarship
7-9,学士,xuéshì,bachelor's degree; person holding a university degree
7-9,学说,xuéshuō,theory; doctrine
7-9,穴位,xuéwèi,acupoint
7-9,学业,xuéyè,studies; schoolwork
7-9,血脉,xuèmài,blood vessels
7-9,血缘,xuèyuán,bloodline
7-9,熏,xūn,to smoke; to fumigate; to assail the nostrils; to perfume; variant of 熏; fragrance; warm; to educate
7-9,熏陶,xūntáo,to seep in; to influence; to nurture; influence; training
7-9,勋章,xūnzhāng,medal; decoration
7-9,旬,xún,period of ten days
7-9,寻,xún,to search; to look for; to seek
7-9,寻常,xúncháng,usual; common; ordinary
7-9,巡回,xúnhuí,round-trip
7-9,寻觅,xúnmì,to look for
7-9,巡视,xúnshì,patrol
7-9,训,xùn,to teach; to train; to admonish; instruction (from superiors); teachings; rule
7-9,驯,xùn,to attain gradually; to tame; Taiwan pr. [xún]
7-9,迅猛,xùnměng,fast and fierce
7-9,逊色,xùnsè,"inferior (often in the combination 毫无逊色, not in the least inferior)"
7-9,压倒,yādǎo,to overwhelm; to overpower; overwhelming
7-9,压迫,yāpò,to oppress; to repress; to constrict; oppression; stress (physics)
7-9,丫头,yātou,"girl; servant girl; (used deprecatingly, but sometimes also as a term of endearment)"
7-9,压抑,yāyì,to constrain or repress emotions; oppressive; stifling; depressing; repression
7-9,压榨,yāzhà,"to press; to squeeze; to extract juice, oil etc by squeezing"
7-9,压制,yāzhì,to suppress; to inhibit; to stifle
7-9,压轴,yāzhòu,the last act
7-9,芽,yá,bud; sprout
7-9,哑,yǎ,"mute; dumb; incapable of speech; (of a voice) hoarse; husky; (of a bullet, bomb etc) dud"
7-9,烟囱,yāncōng,chimney
7-9,咽喉,yānhóu,throat
7-9,烟火,yānhuǒ,smoke and fire; fireworks
7-9,延,yán,surname Yan; to prolong; to extend; to delay
7-9,沿岸,yán’àn,coastal area; littoral or riparian
7-9,言辞,yáncí,words
7-9,延缓,yánhuǎn,to defer; to postpone; to put off; to retard; to slow sth down
7-9,言论,yánlùn,expression of opinion; views; remarks; arguments
7-9,严密,yánmì,"strict; tight (organization, surveillance etc)"
7-9,岩石,yánshí,rock
7-9,沿途,yántú,along the sides of the road; by the wayside
7-9,阎王,Yánwang,"(Buddhism) Yama, the King of Hell; (fig.) cruel and tyrannical person"
7-9,延误,yánwù,to delay; to be held up; to miss (an opportunity); delay; holdup
7-9,沿线,yánxiàn,along the line (e.g. railway); the region near the line
7-9,言行,yánxíng,words and actions; what one says and what one does
7-9,沿用,yányòng,continue to use
7-9,演变,yǎnbiàn,to develop; to evolve; development; evolution
7-9,掩盖,yǎngài,to conceal; to hide behind; to cover up
7-9,眼红,yǎnhóng,to covet; envious; jealous; green with envy; infuriated; furious
7-9,掩护,yǎnhù,cover
7-9,演化,yǎnhuà,evolution
7-9,演技,yǎnjì,acting; performing skills
7-9,眼界,yǎnjiè,ken; scope
7-9,演练,yǎnliàn,to do a drill; to practice; training; drill
7-9,眼神,yǎnshén,expression or emotion showing in one's eyes; meaningful glance; wink; eyesight (dialect)
7-9,衍生,yǎnshēng,to give rise to; to derive; derivative; derivation
7-9,掩饰,yǎnshì,to cover up; to conceal; to mask; to gloss over
7-9,演示,yǎnshì,to demonstrate; to show; presentation; demonstration
7-9,演说,yǎnshuō,speech; to deliver a speech
7-9,演习,yǎnxí,maneuver; exercise; practice; to maneuver
7-9,眼下,yǎnxià,now; at present; subocular (medicine)
7-9,演绎,yǎnyì,(of a story etc) to unfold; to play out; to develop (a technique etc); to enact; (logic) to deduce; to infer
7-9,咽,yàn,variant of 咽; to swallow
7-9,验,yàn,variant of 验; to examine; to test; to check
7-9,厌烦,yànfán,bored; fed up with sth; sick of sth
7-9,厌倦,yànjuàn,weary of; tired of
7-9,艳丽,yànlì,gorgeous; garish and beautiful
7-9,厌恶,yànwù,to loathe; to hate; disgusted with sth
7-9,燕子,yànzi,swallow
7-9,秧歌,yāngge,"Yangge, a popular rural folk dance"
7-9,扬,yáng,surname Yang; to raise; to hoist
7-9,阳历,yánglì,solar calendar
7-9,洋溢,yángyì,brimming with; steeped in
7-9,养活,yǎnghuo,"to provide for; to keep (animals, a family etc); to raise animals; to feed and clothe; support; the necessities of life; to give birth"
7-9,养生,yǎngshēng,to maintain good health; to raise a child or animal; curing (of concrete etc)
7-9,仰望,yǎngwàng,look up at
7-9,养育,yǎngyù,to raise; to bring up; to nurture
7-9,养殖,yǎngzhí,to cultivate; cultivation; to further; to encourage
7-9,样本,yàngběn,sample; specimen
7-9,样品,yàngpǐn,sample; specimen
7-9,邀,yāo,to invite; to request; to intercept; to solicit; to seek
7-9,妖怪,yāoguài,monster; devil
7-9,摇摆,yáobǎi,to sway; to wobble; to waver
7-9,摇晃,yáohuàng,to rock; to shake; to sway
7-9,遥控,yáokòng,remote control
7-9,摇篮,yáolán,cradle
7-9,谣言,yáoyán,rumor
7-9,药材,yàocái,medicinal ingredient
7-9,要害,yàohài,vital part; (fig.) key point; crucial
7-9,要好,yàohǎo,to be on good terms; to be close friends; striving for self-improvement
7-9,要紧,yàojǐn,important; urgent
7-9,要领,yàolǐng,main aspects; essentials; gist
7-9,要命,yàomìng,to cause sb's death; extremely; terribly; (used in complaining about sth) to be a nuisance
7-9,要强,yàoqiáng,eager to excel; eager to get ahead in life; strong-minded
7-9,耀眼,yàoyǎn,to dazzle; dazzling
7-9,椰子,yēzi,a coconut palm; a coconut
7-9,野餐,yěcān,picnic; to have a picnic
7-9,野蛮,yěmán,barbarous; uncivilized
7-9,野兽,yěshòu,beast; wild animal
7-9,野心,yěxīn,ambition
7-9,夜班,yèbān,night shift
7-9,液晶,yèjīng,liquid crystal
7-9,夜校,yèxiào,evening school; night school
7-9,夜宵,yèxiāo,late-night snack
7-9,依,yī,to depend on; to comply with or listen to sb; according to; in the light of
7-9,依附,yīfù,to attach oneself to; to depend on; to be dependent on
7-9,衣裳,yīshang,(coll.) clothes
7-9,依托,yītuō,to rely on; to depend on; support
7-9,医务,yīwù,medical affairs
7-9,一线,yīxiàn,front line
7-9,依照,yīzhào,according to; in light of
7-9,仪表,yíbiǎo,appearance; bearing; meter (i.e. measuring instrument)
7-9,一并,yíbìng,together
7-9,疑点,yídiǎn,a doubtful point
7-9,一度,yídù,for a time; at one time; one time; once
7-9,一概,yígài,all; without any exceptions; categorically
7-9,一概而论,yígài’érlùn,to treat as identical; to lump together
7-9,一晃,yíhuàng,(of passing time) in an instant; (of a sight) in a flash
7-9,移交,yíjiāo,to transfer; to hand over
7-9,一技之长,yíjìzhīcháng,proficiency in a particular field (idiom); skill in a specialized area (idiom)
7-9,宜居,yíjū,suitable for living
7-9,遗漏,yílòu,omit; leave out; leave behind inadvertently
7-9,疑虑,yílǜ,hesitation; misgivings; doubt
7-9,一面,yímiàn,one side; one aspect; simultaneously... (and...); one's whole face
7-9,遗弃,yíqì,to leave; to abandon
7-9,宜人,yírén,pleasant; delightful; nice
7-9,遗失,yíshī,to lose; to leave behind (inadvertently)
7-9,遗体,yítǐ,remains (of a dead person)
7-9,遗忘,yíwàng,to forget; to cease to think about (sb or sth) anymore
7-9,一味,yíwèi,only; single-minded
7-9,遗物,yíwù,remnant
7-9,遗嘱,yízhǔ,testament; will
7-9,矣,yǐ,"classical final particle, similar to modern 了"
7-9,倚,yǐ,to lean on; to rely upon
7-9,以致,yǐzhì,to such an extent as to; down to; up to
7-9,亦,yì,also
7-9,译,yì,to translate; to interpret
7-9,溢,yì,to overflow; (literary) excessive; old variant of 镒
7-9,议程,yìchéng,agenda; agenda item
7-9,义工,yìgōng,volunteer worker; volunteer work
7-9,一经,yìjīng,as soon as; once (an action has been completed)
7-9,易拉罐,yìlāguàn,pull-top can; easy-open can (with ring-pull)
7-9,一揽子,yìlǎnzi,all-inclusive; undiscriminating
7-9,屹立,yìlì,to tower; to stand straight (of person's bearing)
7-9,毅力,yìlì,perseverance; willpower
7-9,一连串,yìliánchuàn,a succession of; a series of
7-9,意料,yìliào,to anticipate; to expect; expectations
7-9,疫苗,yìmiáo,vaccine
7-9,一旁,yìpáng,aside; to the side of
7-9,一齐,yìqí,at the same time; simultaneously
7-9,毅然,yìrán,firmly; resolutely; without hesitation
7-9,一手,yìshǒu,a skill; mastery of a trade; by oneself; without outside help
7-9,议题,yìtí,topic of discussion; topic; subject; issue (under discussion)
7-9,一头,yìtóu,one head; a head full of sth; one end (of a stick); one side; headlong; directly; rapidly; simultaneously
7-9,意图,yìtú,intent; intention; to intend
7-9,亿万,yìwàn,hundreds of millions; millons upon millons
7-9,意味,yìwèi,meaning; implication; to mean
7-9,一无所有,yìwúsuǒyǒu,not having anything at all (idiom); utterly lacking; without two sticks to rub together
7-9,一心,yìxīn,wholeheartedly; heart and soul
7-9,一行,yìxíng,party; delegation
7-9,异性,yìxìng,the opposite sex; of the opposite sex; heterosexual; different in nature
7-9,异议,yìyì,objection; dissent
7-9,抑郁,yìyù,depressed; despondent; gloomy
7-9,意愿,yìyuàn,aspiration; wish (for); desire
7-9,抑郁症,yìyùzhèng,depression (mental illness)
7-9,一早,yìzǎo,early in the morning; at dawn
7-9,意志,yìzhì,will; willpower; determination
7-9,阴暗,yīn’àn,dim; dark; overcast; darkness; shadow; (fig.) dismal; gloomy; somber; murky; shadowy (side)
7-9,阴历,yīnlì,lunar calendar
7-9,阴谋,yīnmóu,to conspire; to plot; a conspiracy; a plot
7-9,殷勤,yīnqín,politely; solicitously; eagerly attentive
7-9,因人而异,yīnrén’éryì,varying from person to person (idiom); different for each individual
7-9,音响,yīnxiǎng,sound; acoustics; audio; hi-fi system; stereo sound system; abbr. for 组合音响
7-9,阴性,yīnxìng,negative; feminine
7-9,阴影,yīnyǐng,(lit. and fig.) shadow
7-9,银幕,yínmù,movie screen
7-9,瘾,yǐn,addiction; craving
7-9,隐蔽,yǐnbì,to conceal; to hide; covert; under cover
7-9,隐含,yǐnhán,to contain implicitly; to reserve
7-9,隐患,yǐnhuàn,hidden danger; lurking peril
7-9,引荐,yǐnjiàn,to recommend (sb to a position); to introduce (sb to sb)
7-9,引领,yǐnlǐng,to crane one's neck; to await eagerly; to lead; to show the way
7-9,隐瞒,yǐnmán,to conceal; to hide (a taboo subject); to cover up the truth
7-9,引擎,yǐnqíng,engine (loanword)
7-9,隐情,yǐnqíng,hidden circumstances; secret裏情;private facts
7-9,隐性,yǐnxìng,hidden; crypto-; recessive (gene)
7-9,引用,yǐnyòng,to quote; to cite; to recommend; to appoint; (computing) reference
7-9,引诱,yǐnyòu,to coerce (sb into doing sth bad); to lure (into a trap); to seduce
7-9,隐约,yǐnyuē,vague; faint; indistinct
7-9,印章,yìnzhāng,seal; signet; chop; stamp
7-9,印证,yìnzhèng,to confirm; to corroborate; to verify; proof; evidence
7-9,鹰,yīng,eagle; falcon; hawk
7-9,英俊,yīngjùn,handsome
7-9,英明,yīngmíng,wise; brilliant
7-9,英勇,yīngyǒng,heroic; gallant; valiant
7-9,荧光,yíngguāng,fluorescence; fluorescent
7-9,迎合,yínghé,to cater to; to pander to
7-9,赢家,yíngjiā,winner
7-9,营救,yíngjiù,to rescue
7-9,盈利,yínglì,profit; gain; to make profits
7-9,营利,yínglì,for profit
7-9,迎面,yíngmiàn,directly; head-on (collision); in one's face (of wind)
7-9,营造,yíngzào,to build (housing); to construct; to make
7-9,影像,yǐngxiàng,image
7-9,应,yìng,to answer; to respond; to comply with; to deal or cope with
7-9,硬币,yìngbì,coin
7-9,应酬,yìngchou,to engage in social activities; to socialize; dinner party; banquet; social engagement
7-9,应付,yìngfu,to deal with; to cope
7-9,应急,yìngjí,to respond to an emergency; to meet a contingency; (attributive) emergency
7-9,硬朗,yìnglang,robust; healthy
7-9,硬盘,yìngpán,hard disk
7-9,应邀,yìngyāo,at sb's invitation; on invitation
7-9,拥护,yōnghù,to endorse; to support
7-9,庸俗,yōngsú,vulgar; philistine; low
7-9,涌,yǒng,variant of 涌; to bubble up; to rush forth
7-9,永久,yǒngjiǔ,everlasting; perpetual; lasting; forever; permanent
7-9,踊跃,yǒngyuè,to leap; to jump; eager; enthusiastically
7-9,用意,yòngyì,intention; purpose
7-9,忧愁,yōuchóu,to be worried
7-9,悠闲,yōuxián,variant of 悠闲; leisurely; carefree; relaxed
7-9,优雅,yōuyǎ,grace; graceful
7-9,忧郁,yōuyù,sullen; depressed; melancholy; dejected
7-9,优越,yōuyuè,superior; superiority
7-9,邮编,yóubiān,postal code; zip code
7-9,游船,yóuchuán,pleasure boat; cruise ship
7-9,油画,yóuhuà,oil painting
7-9,油腻,yóunì,greasy food; oily food; (of food) greasy; oily; fatty; (neologism c. 2017) (of a middle-aged man) obnoxious; pretentious; vulgar
7-9,油漆,yóuqī,oil paints; lacquer; to paint
7-9,尤为,yóuwéi,especially
7-9,邮政,yóuzhèng,postal service; postal
7-9,由衷,yóuzhōng,sincere; from the bottom of one's heart
7-9,有待,yǒudài,not yet (done); pending
7-9,友人,yǒurén,friend
7-9,友善,yǒushàn,friendly
7-9,有望,yǒuwàng,hopeful; promising
7-9,有幸,yǒuxìng,fortunately
7-9,有意,yǒuyì,to intend; intentionally; interested in
7-9,诱饵,yòu’ěr,bait
7-9,诱发,yòufā,to induce; to cause; to elicit; to trigger
7-9,诱惑,yòuhuò,to entice; to lure; to induce; to attract
7-9,诱人,yòurén,attractive; alluring; captivating
7-9,幼稚,yòuzhì,young; childish; puerile
7-9,淤泥,yūní,silt; mud
7-9,余,yú,left; remaining; self; surplus
7-9,渔船,yúchuán,fishing boat
7-9,余地,yúdì,margin; leeway
7-9,舆论,yúlùn,public opinion
7-9,愚昧,yúmèi,ignorant; benighted
7-9,渔民,yúmín,fisherman; fisher folk
7-9,与否,yǔ fǒu,whether or not (at the end of a phrase)
7-9,予以,yǔyǐ,to give; to impose; to apply
7-9,宇宙,yǔzhòu,universe; cosmos
7-9,玉,yù,jade
7-9,愈,yù,the more...(the more...); to recover; to heal; better; variant of 愈
7-9,预备,yùbèi,to prepare; to make ready; preparation; preparatory
7-9,预感,yùgǎn,to have a premonition; premonition
7-9,愈合,yùhé,(of a wound) to heal
7-9,愈加,yùjiā,more and more; increasingly
7-9,预见,yùjiàn,to foresee; to predict; foresight; foreknowledge
7-9,预警,yùjǐng,early warning; to give prior warning; to alert
7-9,郁闷,yùmèn,depressed; dejected; gloomy; in low spirits; oppressed
7-9,遇难,yùnàn,to perish; to be killed
7-9,预赛,yùsài,preliminary competition; to hold preliminary heats
7-9,预售,yùshòu,to sell in advance
7-9,预算,yùsuàn,budget
7-9,遇险,yùxiǎn,to get into difficulties; to meet with danger
7-9,预先,yùxiān,beforehand; in advance
7-9,预言,yùyán,to predict; prophecy
7-9,寓言,yùyán,fable
7-9,寓意,yùyì,moral (of a story); lesson to be learned; implication; message; import; metaphorical meaning
7-9,预兆,yùzhào,omen; sign (of sth yet to occur); prior indication; to foreshadow
7-9,冤,yuān,injustice; grievance; wrong; old variant of 冤
7-9,冤枉,yuānwang,to accuse wrongly; to treat unjustly; injustice; wronged; not worthwhile
7-9,渊源,yuānyuán,fount; source; origin
7-9,原创,yuánchuàng,to create (sth original); (adj.) original; originality; original work
7-9,原告,yuángào,complainant; plaintiff
7-9,缘故,yuángù,reason; cause
7-9,元老,yuánlǎo,senior figure; elder; doyen
7-9,园区,yuánqū,industrial zone; park
7-9,源泉,yuánquán,fountainhead; well-spring; water source; fig. origin
7-9,原型,yuánxíng,model; prototype; archetype
7-9,援助,yuánzhù,to help; to support; to aid; aid; assistance
7-9,原装,yuánzhuāng,genuine; intact in original packaging (not locally assembled and packaged)
7-9,远见,yuǎnjiàn,foresight; discernment; vision
7-9,怨,yuàn,to blame; (bound form) resentment; hatred; grudge
7-9,怨恨,yuànhèn,to resent; to harbor a grudge against; to loathe; resentment; rancor
7-9,院士,yuànshì,scholar; academician; fellow (of an academy)
7-9,怨言,yuànyán,complaint
7-9,曰,yuē,say
7-9,乐队,yuèduì,band; pop group
7-9,悦耳,yuè’ěr,sweet-sounding; beautiful (of sound)
7-9,越发,yuèfā,increasingly; more and more; ever more; all the more
7-9,越过,yuèguò,to cross over; to transcend; to cover distance; to overcome; to rise above
7-9,阅览,yuèlǎn,to read
7-9,阅历,yuèlì,to experience; experience
7-9,岳母,yuèmǔ,"wife's mother, mother-in-law"
7-9,乐谱,yuèpǔ,a musical score; sheet music
7-9,陨石,yǔnshí,meteorite; aerolite
7-9,熨,yùn,an iron; to iron
7-9,蕴藏,yùncáng,to hold in store; to contain (untapped reserves etc)
7-9,孕妇,yùnfù,pregnant woman
7-9,蕴含,yùnhán,to contain; to hold; to hold in store; to contain (untapped reserves etc)
7-9,运河,yùnhé,canal
7-9,运算,yùnsuàn,to perform calculations; (mathematical) operation
7-9,韵味,yùnwèi,implicit charm in rhyme or sound; hinted appeal; interest
7-9,孕育,yùnyù,"to be pregnant; to produce offspring; to nurture (a development, school of thought, artwork etc); fig. replete with (culture etc)"
7-9,运转,yùnzhuǎn,to operate; operations; workings; activities (usu. of an organization); thread (computing)
7-9,运作,yùnzuò,to operate; operations; workings; activities (usu. of an organization); thread (computing)
7-9,杂交,zájiāo,to hybridize; to crossbreed; promiscuity
7-9,栽,zāi,to plant; to grow; to insert; to erect (e.g. a bus stop sign); to impose sth on sb; to stumble; to fall down
7-9,栽培,zāipéi,to grow; to cultivate; to train; to educate; to patronize
7-9,栽赃,zāizāng,to plant evidence to frame sb
7-9,宰,zǎi,to slaughter; to butcher; to kill (animals etc); (coll.) to fleece; to rip off; to overcharge; (bound form) to govern; to rule; (bound form) (a title for certain government officials in ancient China)
7-9,再度,zàidù,once more; once again; one more time
7-9,在所难免,zàisuǒnánmiǎn,to be unavoidable; inevitable
7-9,载体,zàitǐ,carrier (chemistry); vector (epidemiology); vehicle or medium
7-9,在职,zàizhí,to be employed; to be in post; on-the-job
7-9,攒,zǎn,to collect; to hoard; to accumulate; to save
7-9,暂,zàn,temporary
7-9,赞美,zànměi,to admire; to praise; to eulogize
7-9,暂且,zànqiě,for now; for the time being; temporarily
7-9,赞叹,zàntàn,to exclaim in admiration
7-9,赞扬,zànyáng,to praise; to approve of; to show approval
7-9,赞助,zànzhù,to support; to assist; to sponsor
7-9,葬,zàng,old variant of 葬; to bury (the dead); to inter
7-9,葬礼,zànglǐ,burial; funeral
7-9,糟粕,zāopò,dregs; refuse; residue
7-9,糟蹋,zāotà,to waste; to defile; to abuse; to insult; to trample on; to wreck; also pr. [zāo ta]
7-9,遭殃,zāoyāng,to suffer a calamity
7-9,凿,záo,chisel; to bore a hole; to chisel or dig; (literary) (bound form) certain; authentic; irrefutable; also pr. [zuò]
7-9,枣,zǎo,(bound form) jujube; Chinese date (Zizyphus jujuba)
7-9,早年,zǎonián,many years ago; in the past; in one's early years
7-9,早日,zǎorì,soon; at an early date; the early days; the past
7-9,灶,zào,kitchen stove
7-9,造福,zàofú,to benefit (e.g. the people)
7-9,造假,zàojiǎ,to counterfeit; to pass off a fake as genuine
7-9,造就,zàojiù,to bring up; to train; to contribute to; achievements (usually of young people)
7-9,则,zé,(literary) (conjunction used to express contrast with a previous clause) but; then; (bound form) standard; norm; (bound form) principle; (literary) to imitate; to follow; classifier for written items
7-9,责备,zébèi,to blame; to scold
7-9,责怪,zéguài,to blame; to rebuke
7-9,增收,zēngshōu,"to increase revenue; to increase income by (x amount); to levy (a surcharge, tax increase etc); (of a school) to have an increased student intake"
7-9,增速,zēngsù,growth rate
7-9,增添,zēngtiān,to add; to increase
7-9,增值,zēngzhí,to appreciate (financially); to increase in value; value-added (accountancy)
7-9,渣,zhā,slag (in mining or smelting); dregs
7-9,扎根,zhāgēn,to take root
7-9,扎实,zhāshi,strong; solid; sturdy; firm; practical; variant of 扎实
7-9,闸,zhá,old variant of 闸; sluice; lock (on waterway); gear; brake; electric switch or circuit breaker
7-9,眨眼,zhǎyǎn,to blink; to wink; in the twinkling of an eye
7-9,榨,zhà,"variant of 榨; to press; to extract (juice); device for extracting juice, oils etc"
7-9,诈骗,zhàpiàn,to defraud; to swindle; to blackmail
7-9,炸药,zhàyào,explosive (material)
7-9,摘要,zhāiyào,make a summary
7-9,债,zhài,debt
7-9,债券,zhàiquàn,bond; debenture
7-9,债务,zhàiwù,debt; liability; amount due; indebtedness
7-9,沾,zhān,to moisten; to be infected by; to receive benefit or advantage through a contact; to touch; variant of 沾
7-9,沾光,zhānguāng,to bask in the light; fig. to benefit from association with sb or sth; reflected glory
7-9,瞻仰,zhānyǎng,to revere; to admire
7-9,斩,zhǎn,to behead (as form of capital punishment); to chop
7-9,盏,zhǎn,a small cup; classifier for lamps
7-9,展望,zhǎnwàng,outlook; prospect; to look ahead; to look forward to
7-9,辗转,zhǎnzhuǎn,toss and turn
7-9,蘸,zhàn,"to dip in (ink, sauce etc)"
7-9,战场,zhànchǎng,battlefield
7-9,绽放,zhànfàng,to blossom
7-9,站立,zhànlì,to stand; standing; on one's feet
7-9,占领,zhànlǐng,to occupy
7-9,战术,zhànshù,tactics
7-9,战役,zhànyì,military campaign
7-9,占用,zhànyòng,to occupy
7-9,战友,zhànyǒu,comrade-in-arms
7-9,章程,zhāngchéng,rules; regulations; constitution; statute; articles of association (of company); articles of incorporation; charter (of a corporation); by-laws
7-9,张扬,zhāngyáng,"Zhang Yang (1967-), PRC film director and screenwriter; to display ostentatiously; to bring out into the open; to make public; to spread around; flamboyant; brash"
7-9,掌舵,zhǎngduò,steer; operate the rudder; take the tiller
7-9,涨幅,zhǎngfú,range of increase
7-9,掌管,zhǎngguǎn,in charge of; to control
7-9,长相,zhǎngxiàng,appearance; looks; profile; countenance
7-9,涨,zhàng,to swell; to distend
7-9,胀,zhàng,to swell; dropsical; swollen; bloated
7-9,帐篷,zhàngpeng,tent
7-9,招标,zhāobiāo,to invite bids
7-9,招揽,zhāolǎn,to attract (customers); to drum up (trade)
7-9,招牌,zhāopai,signboard; shop sign; reputation of a business
7-9,招商,zhāoshāng,invite outside investment; canvass business orders
7-9,招数,zhāoshù,"move (in chess, on stage, in martial arts); gambit; trick; scheme; movement; same as 着数"
7-9,着迷,zháomí,to be fascinated; to be captivated
7-9,罩,zhào,cover; fish trap (basket); shade
7-9,照办,zhàobàn,to follow the rules; to do as instructed; to play by the book; to comply with a request
7-9,照常,zhàocháng,as usual
7-9,召集,zhàojí,to convene; to gather
7-9,照例,zhàolì,as a rule; as usual; usually
7-9,照料,zhàoliào,to tend; to take care of sb
7-9,照射,zhàoshè,to shine on; to irradiate; to illuminate; to project (light etc.)
7-9,肇事,zhàoshì,to cause an accident; to be responsible for an incident; to provoke a disturbance
7-9,兆头,zhàotou,omen; portent; sign
7-9,照样,zhàoyàng,as before; (same) as usual; in the same manner; still; nevertheless
7-9,照耀,zhàoyào,to shine; to illuminate
7-9,遮,zhē,to shield; to cover; to hide; to block
7-9,遮挡,zhēdǎng,to shelter; to shelter from
7-9,折腾,zhēteng,"to toss from side to side (e.g. sleeplessly); to repeat sth over and over again; to torment sb; to play crazy; to squander (time, money)"
7-9,折叠,zhédié,"to fold; collapsible; folding (bicycle, antenna, bed etc)"
7-9,折合,zhéhé,to convert into; to amount to; to be equivalent to
7-9,哲理,zhélǐ,philosophy
7-9,折磨,zhémó,to torment; to torture
7-9,侦查,zhēnchá,to investigate; to detect; to scout
7-9,针灸,zhēnjiǔ,acupuncture and moxibustion; to give or have acupuncture and moxibustion
7-9,真空,zhēnkōng,vacuum
7-9,真理,zhēnlǐ,truth
7-9,真情,zhēnqíng,real situation; the truth
7-9,真是,zhēnshi,expressing dissatisfaction; used to show dissatisfaction
7-9,珍视,zhēnshì,to place great importance on; to treasure
7-9,侦探,zhēntàn,detective; to do detective work
7-9,珍稀,zhēnxī,rare; precious and uncommon
7-9,真挚,zhēnzhì,sincere; sincerity
7-9,珍重,zhēnzhòng,precious; extremely valuable; (honorific) Please take good care of yourself!
7-9,斟酌,zhēnzhuó,consider; deliberate; think over
7-9,枕,zhěn,pillow; to pillow; to rest one's head on
7-9,诊所,zhěnsuǒ,clinic
7-9,震,zhèn,"to shake; to vibrate; to jolt; to quake; excited; shocked; one of the Eight Trigrams 卦, symbolizing thunder; ☳"
7-9,震荡,zhèndàng,to rock; to jolt; to shock; to be in turmoil; to undulate
7-9,镇定,zhèndìng,calm; unperturbed; cool
7-9,振动,zhèndòng,to vibrate; to shake; vibration
7-9,震动,zhèndòng,to shake; to vibrate; to strongly affect; shock; vibration
7-9,振奋,zhènfèn,to stir oneself up; to raise one's spirits; to inspire
7-9,震撼,zhènhàn,to shake; to shock; to stun; shocking; stunning; shock
7-9,镇静,zhènjìng,calm; cool
7-9,震惊,zhènjīng,to shock; to astonish
7-9,阵容,zhènróng,troop arrangement; battle formation; lineup (of a sports team etc)
7-9,振兴,zhènxīng,"Zhengxing district of Dandong city 丹东市, Liaoning; to revive; to revitalize; to invigorate; to re-energize"
7-9,阵营,zhènyíng,group of people; camp; faction; sides in a dispute
7-9,振作,zhènzuò,to bestir oneself; to pull oneself together; to cheer up; to uplift; to stimulate
7-9,征,zhēng,to levy (a tax etc.); to conscript; to recruit; to levy; to enter upon (office); to send on a mission; to command (army)
7-9,蒸,zhēng,to evaporate; (of cooking) to steam; torch made from hemp stalks or bamboo (old); finely chopped firewood (old)
7-9,争端,zhēngduān,dispute; controversy; conflict
7-9,蒸发,zhēngfā,to evaporate; evaporation
7-9,征服,zhēngfú,to conquer; to subdue
7-9,争光,zhēngguāng,to win an honor; to strive to win a prize
7-9,争气,zhēngqì,to work hard for sth; to resolve on improvement; determined not to fall short
7-9,征收,zhēngshōu,to levy (a tax); to expropriate
7-9,争相,zhēngxiāng,to compete with each other to...
7-9,正月,zhēngyuè,first month of the lunar year
7-9,挣扎,zhēngzhá,to struggle
7-9,争执,zhēngzhí,to dispute; to disagree; to argue opinionatedly; to wrangle
7-9,整顿,zhěngdùn,to tidy up; to reorganize; to consolidate; to rectify
7-9,整合,zhěnghé,to conform; to integrate
7-9,整洁,zhěngjié,neatly; tidy
7-9,整数,zhěngshù,whole number; integer (math.); round figure
7-9,整治,zhěngzhì,to bring under control; to regulate; to restore to good condition; (coll.) to fix (a person); to prepare (a meal etc)
7-9,正版,zhèngbǎn,genuine version; authorized version
7-9,正当,zhèngdàng,honest; reasonable; fair; sensible
7-9,政党,zhèngdǎng,political party
7-9,正经,zhèngjing,decent; honorable; proper; serious; according to standards
7-9,正能量,zhèngnéngliàng,positive energy; positivity
7-9,政权,zhèngquán,regime; political power
7-9,证券,zhèngquàn,security (finance); bond; certificate
7-9,证人,zhèngrén,witness
7-9,正视,zhèngshì,to face squarely; to meet head on; to face up to
7-9,正直,zhèngzhí,upright; upstanding; honest
7-9,正宗,zhèngzōng,orthodox school; fig. traditional; old school; authentic; genuine
7-9,之,zhī,"(possessive particle, literary equivalent of 的); him; her; it"
7-9,织,zhī,to weave
7-9,知己,zhījǐ,to know oneself; to be intimate or close; intimate friend
7-9,支架,zhījià,support; stand; trestle
7-9,知觉,zhījué,perception; consciousness
7-9,芝麻,zhīma,sesame (seed)
7-9,支配,zhīpèi,to control; to dominate; to allocate
7-9,支票,zhīpiào,check (bank); cheque
7-9,肢体,zhītǐ,limb; limbs and trunk; body
7-9,知足,zhīzú,content with one's situation; to know contentment (hence happiness)
7-9,职称,zhíchēng,professional title (of a person who has passed an examination)
7-9,直达,zhídá,"to reach (a place) directly; (transportation) to reach the destination without changing service or without stopping; (of a train, flight etc) direct; nonstop"
7-9,执法,zhífǎ,to enforce a law; law enforcement
7-9,直观,zhíguān,direct observation; directly perceived through the senses; intuitive; audiovisual
7-9,直径,zhíjìng,diameter
7-9,直觉,zhíjué,intuition
7-9,职能,zhínéng,function; role
7-9,值钱,zhíqián,valuable; costly; expensive
7-9,直视,zhíshì,to look straight at
7-9,直线,zhíxiàn,straight line; sharply (rise or fall)
7-9,直辖市,zhíxiáshì,municipality (directly administered by the central government)
7-9,执意,zhíyì,to be determined to; to insist on
7-9,执照,zhízhào,license; permit
7-9,直至,zhízhì,lasting until; up till (the present)
7-9,执着,zhízhuó,to be strongly attached to; to be dedicated; to cling to; (Buddhism) attachment
7-9,指标,zhǐbiāo,(production) target; quota; index; indicator; sign; signpost; (computing) pointer
7-9,止步,zhǐbù,to halt; to stop; to go no farther
7-9,指点,zhǐdiǎn,to point out; to indicate; to give directions; to show how (to do sth); to censure; to pick at
7-9,只管,zhǐguǎn,"solely engrossed in one thing; just (one thing, no need to worry about the rest); simply; by all means; please feel free; do not hesitate (to ask for sth)"
7-9,指甲,zhǐjia,fingernail
7-9,指教,zhǐjiào,to give advice or comments
7-9,指控,zhǐkòng,accusation; to accuse
7-9,指令,zhǐlìng,order; command; instruction
7-9,指南,zhǐnán,to guide; guidebook
7-9,指数,zhǐshù,an exponent
7-9,指望,zhǐwàng,to count on; to hope for; prospect; hope
7-9,指向,zhǐxiàng,to point towards; aimed at; facing; the direction indicated
7-9,指引,zhǐyǐn,to guide; to show; to point (the way); directions; guidance; guidelines
7-9,旨在,zhǐzài,to have as its purpose; to be intended to; to aim to (do sth)
7-9,致,zhì,send; extend; deliver
7-9,置,zhì,to install; to place; to put; to buy
7-9,致辞,zhìcí,"to express in words or writing; to make a speech (esp. short introduction, vote of thanks, afterword, funeral homily etc); to address (an audience); same as 致词"
7-9,至此,zhìcǐ,up until now; so far
7-9,质地,zhìdì,texture; background (texture); grain; quality; character; disposition
7-9,制服,zhìfú,"to subdue; to check; to bring under control; (in former times) what one is allowed to wear depending on social status; uniform (army, party, school etc); livery (for company employees)"
7-9,制服,zhìfú,"to subdue; to check; to bring under control; (in former times) what one is allowed to wear depending on social status; uniform (army, party, school etc); livery (for company employees)"
7-9,致富,zhìfù,to become rich
7-9,滞后,zhìhòu,to lag behind
7-9,致敬,zhìjìng,to salute; to pay one's respects to; to pay tribute to; to pay homage to
7-9,滞留,zhìliú,"(of a person) to remain in (a place) (due to circumstances that prevent one leaving); to be stranded; (of sth that would typically dissipate, e.g. floodwater, pollutants) to remain; to linger"
7-9,致力于,zhìlìyú,Dedicate
7-9,稚嫩,zhìnèn,young and tender
7-9,质朴,zhìpǔ,simple; plain; unadorned; unaffected; unsophisticated; rustic; earthy
7-9,志气,zhìqì,aspirations; ambition; resolve; drive
7-9,智商,zhìshāng,IQ (intelligence quotient)
7-9,致使,zhìshǐ,to cause; to result in
7-9,质问,zhìwèn,to question; to ask questions; to inquire; to bring to account; to interrogate
7-9,窒息,zhìxī,to choke; to stifle; to suffocate
7-9,治愈,zhìyù,to cure; to restore to health; uplifting; heartwarming
7-9,志愿,zhìyuàn,aspiration; ambition; to volunteer
7-9,制约,zhìyuē,to restrict; condition
7-9,制止,zhìzhǐ,to curb; to put a stop to; to stop; to check; to limit
7-9,钟,zhōng,surname Zhong; handleless cup; goblet; to concentrate; variant of 钟; clock; o'clock; time as measured in hours and minutes; bell
7-9,终端,zhōngduān,end; terminal; final point
7-9,忠告,zhōnggào,sincere advice; to advise sincerely
7-9,终极,zhōngjí,final; ultimate; terminal
7-9,终结,zhōngjié,end; conclusion; to come to an end; to terminate (sth)
7-9,终究,zhōngjiū,in the end; after all is said and done
7-9,中立,zhōnglì,neutrality; impartial; neutral
7-9,终生,zhōngshēng,throughout one's life; lifetime; lifelong
7-9,中途,zhōngtú,midway
7-9,忠心,zhōngxīn,good faith; devotion; loyalty; dedication
7-9,衷心,zhōngxīn,heartfelt; wholehearted; cordial
7-9,中性,zhōngxìng,neutral (not only grammatical; can apply to chemistry, color, personality etc.)
7-9,中叶,zhōngyè,middle of a month (day 11-20)
7-9,忠贞,zhōngzhēn,loyal and dependable
7-9,中止,zhōngzhǐ,to cease; to suspend; to break off; to stop; to discontinue
7-9,终止,zhōngzhǐ,to stop; to terminate
7-9,肿瘤,zhǒngliú,tumor
7-9,种族,zhǒngzú,race; ethnicity
7-9,仲裁,zhòngcái,arbitration
7-9,重创,zhòngchuāng,to inflict heavy losses; to inflict serious damage
7-9,重量级,zhòngliàngjí,heavyweight (boxing etc)
7-9,重任,zhòngrèn,heavy responsibility
7-9,重型,zhòngxíng,heavy; heavy duty; large caliber
7-9,周密,zhōumì,careful; thorough
7-9,周岁,zhōusuì,full year of age
7-9,周旋,zhōuxuán,to mix with others; to socialize; to deal with; to contend
7-9,周折,zhōuzhé,twists and turns; vicissitude; complication; difficulty; effort
7-9,周转,zhōuzhuǎn,"to rotate; to circulate (cash, stock etc); turnover; circulation; cash flow"
7-9,骤然,zhòurán,suddenly; abruptly
7-9,皱纹,zhòuwén,wrinkle
7-9,昼夜,zhòuyè,"day and night; period of 24 hours; continuously, without stop"
7-9,朱红,zhūhóng,vermilion
7-9,诸位,zhūwèi,(pron) everyone; Ladies and Gentlemen; Sirs
7-9,竹竿,zhúgān,bamboo; bamboo pole
7-9,逐年,zhúnián,year after year; with each passing year; over the years
7-9,逐一,zhúyī,one by one
7-9,拄,zhǔ,to lean on; to prop on
7-9,主编,zhǔbiān,editor in chief
7-9,主打,zhǔdǎ,main hit; primary offering
7-9,嘱咐,zhǔfù,to tell; to exhort; injunction
7-9,主权,zhǔquán,sovereignty
7-9,主人公,zhǔréngōng,hero (of a novel or film); main protagonist
7-9,主体,zhǔtǐ,main part; bulk; body; subject; agent
7-9,主题曲,zhǔtíqǔ,theme song
7-9,嘱托,zhǔtuō,entrust
7-9,主宰,zhǔzǎi,to dominate; to rule; to dictate; master
7-9,注,zhù,to inject; to pour into; to concentrate; to pay attention; stake (gambling); classifier for sums of money; variant of 注; to register; to annotate; note; comment
7-9,驻,zhù,"to halt; to stay; to be stationed (of troops, diplomats etc)"
7-9,筑,zhù,short name for Guiyang 贵阳; five-string lute; Taiwan pr. [zhú]; to build; to construct; to ram; to hit
7-9,贮藏,zhùcáng,to store up; to hoard; deposits
7-9,著称,zhùchēng,renowned; well-known
7-9,住处,zhùchù,residence; dwelling
7-9,注定,zhùdìng,to foreordain; to be bound to; to be destined to; to be doomed to; inevitably
7-9,住户,zhùhù,household; inhabitant; householder
7-9,助力,zhùlì,assist
7-9,注视,zhùshì,to look attentively at; to closely watch; to gaze at
7-9,注释,zhùshì,to annotate; to add a comment; explanatory note; annotation; variant of 注释
7-9,助威,zhùwēi,boost the morale of; cheer (for)
7-9,注销,zhùxiāo,cancel; revoke
7-9,蛀牙,zhùyá,cavity; decayed tooth
7-9,铸造,zhùzào,to cast (pour metal into a mold)
7-9,驻扎,zhùzhā,to station; to garrison (troops)
7-9,驻足,zhùzú,to halt
7-9,爪子,zhuǎzi,(animal's) claw
7-9,拽,zhuài,to pull; to tug at (sth)
7-9,专长,zhuāncháng,specialty; special knowledge or ability
7-9,专程,zhuānchéng,specifically; specially (for that purpose)
7-9,专柜,zhuānguì,sales counter dedicated to a certain kind of product (e.g. alcohol)
7-9,专辑,zhuānjí,album; record (music); special collection of printed or broadcast material
7-9,专栏,zhuānlán,special column
7-9,专卖,zhuānmài,sole selling right; exclusive right to sell
7-9,专人,zhuānrén,specialist; person appointed for specific task
7-9,专项,zhuānxiàng,special item
7-9,专职,zhuānzhí,full-time
7-9,专制,zhuānzhì,autocracy; dictatorship
7-9,转播,zhuǎnbō,relay; broadcast (on radio or TV)
7-9,转达,zhuǎndá,to pass on; to convey; to communicate
7-9,转化,zhuǎnhuà,to change; to transform; isomerization (chemistry)
7-9,转机,zhuǎnjī,turning point; favorable turn of events
7-9,转型,zhuǎnxíng,to undergo fundamental change; to transition; to transform; to update (to a new model of product)
7-9,转折,zhuǎnzhé,shift in the trend of events; turnaround; plot shift in a book; turn in the conversation
7-9,转折点,zhuǎnzhédiǎn,turning point; breaking point
7-9,传,zhuàn,biography; historical narrative; commentaries; relay station
7-9,传记,zhuànjì,biography
7-9,撰写,zhuànxiě,to write; to compose
7-9,转悠,zhuànyou,to roll; to wander around; to appear repeatedly
7-9,桩,zhuāng,stump; stake; pile; classifier for items
7-9,装扮,zhuāngbàn,to decorate; to adorn; to dress up; to disguise oneself
7-9,庄严,zhuāngyán,solemn; dignified; stately
7-9,庄园,zhuāngyuán,manor; feudal land; villa and park
7-9,庄重,zhuāngzhòng,grave; solemn; dignified
7-9,幢,zhuàng,classifier for buildings; carriage curtain (old)
7-9,壮,zhuàng,strong
7-9,壮大,zhuàngdà,to expand; to strengthen
7-9,壮观,zhuàngguān,spectacular; magnificent sight
7-9,撞击,zhuàngjī,to strike; to hit; to ram
7-9,壮丽,zhuànglì,magnificence; magnificent; majestic; glorious
7-9,状元,zhuàngyuan,top scorer in the palace examination (highest rank of the Imperial examination system); see 眼 and 花; top scorer in college entrance examination 考; (fig.) the most brilliantly talented person in the field; leading light
7-9,追悼,zhuīdào,to mourn; to pay last respects
7-9,追赶,zhuīgǎn,to pursue; to chase after; to accelerate; to catch up with; to overtake
7-9,追捧,zhuīpěng,to admire; to pursue fanatically; to chase after
7-9,追溯,zhuīsù,lit. to go upstream; to trace sth back to; to date from
7-9,追随,zhuīsuí,to follow; to accompany
7-9,追尾,zhuīwěi,to tailgate; to hit the car in front as a result of tailgating
7-9,追问,zhuīwèn,to question closely; to investigate in detail; to examine minutely; to get to the heart of the matter
7-9,追逐,zhuīzhú,to chase; to pursue vigorously
7-9,追踪,zhuīzōng,to follow a trail; to trace; to pursue
7-9,坠,zhuì,to fall; to drop; to weigh down
7-9,坠落,zhuìluò,to fall; to drop
7-9,准许,zhǔnxǔ,to allow; to grant; to permit
7-9,拙劣,zhuōliè,clumsy; botched
7-9,着力,zhuólì,to put effort into sth; to try really hard
7-9,着落,zhuóluò,(of responsibility for a matter) to rest with sb
7-9,酌情,zhuóqíng,to use discretion; to take circumstances into account; to make allowances pertinent to a situation
7-9,着手,zhuóshǒu,to put one's hand to it; to start out on a task; to set out
7-9,着想,zhuóxiǎng,to give thought (to others); to consider (other people's needs); also pr. [zháo xiǎng]
7-9,着眼,zhuóyǎn,to have one's eyes on (a goal); having sth in mind; to concentrate
7-9,卓越,zhuóyuè,outstanding; surpassing; distinguished; splendid
7-9,着重,zhuózhòng,to put emphasis on; to stress
7-9,茁壮,zhuózhuàng,grow strong and healthy
7-9,兹,zī,now; here; this; time; year
7-9,资本主义,zīběn zhǔyì,capitalism
7-9,资历,zīlì,qualifications; experience; seniority
7-9,滋润,zīrùn,moist; humid; to moisten; to provide moisture; comfortably off
7-9,滋生,zīshēng,to breed; to produce; to generate; to foster
7-9,姿态,zītài,attitude; posture; stance
7-9,滋味,zīwèi,taste; flavor
7-9,资讯,zīxùn,information
7-9,资质,zīzhì,qualification
7-9,资助,zīzhù,to subsidize; to provide financial aid; subsidy
7-9,籽,zǐ,seed
7-9,子弟,zǐdì,child; the younger generation
7-9,子孙,zǐsūn,offspring; posterity
7-9,自卑,zìbēi,to have low self-esteem; to abase oneself
7-9,自称,zìchēng,to call oneself; to claim to be; to profess; to claim a title
7-9,自发,zìfā,spontaneous
7-9,自费,zìfèi,at one's own expense; self-funded
7-9,自负,zìfù,conceited; to take responsibility
7-9,自负,zìfù,conceited; to take responsibility
7-9,字迹,zìjì,handwriting
7-9,自立,zìlì,independent; self-reliant; self-sustaining; to stand on one's own feet; to support oneself
7-9,自理,zìlǐ,to take care of oneself; to provide for oneself
7-9,自满,zìmǎn,complacent; self-satisfied
7-9,自然界,zìránjiè,nature; the natural world
7-9,自如,zìrú,unobstructed; unconstrained; smoothly; with ease; freely
7-9,自首,zìshǒu,to surrender (to the police); to give oneself up; to confess
7-9,自卫,zìwèi,to defend oneself; self-defense
7-9,自行,zìxíng,voluntary; autonomous; by oneself; self-
7-9,字眼,zìyǎn,wording
7-9,自以为是,zìyǐwéishì,to believe oneself infallible (idiom); to be opinionated
7-9,自在,zìzai,comfortable; at ease
7-9,自责,zìzé,to blame oneself
7-9,自治区,zìzhìqū,"autonomous region, namely: Inner Mongolia"
7-9,自主,zìzhǔ,independent; to act for oneself; autonomous
7-9,自尊,zìzūn,self-respect; self-esteem; ego; pride
7-9,踪迹,zōngjì,tracks; trail; footprint; trace; vestige
7-9,宗教,zōngjiào,religion
7-9,综艺,zōngyì,variety show
7-9,宗旨,zōngzhǐ,objective; aim; goal
7-9,总额,zǒng’é,total (amount or value)
7-9,总而言之,zǒng’éryánzhī,in short; in a word; in brief
7-9,总和,zǒnghé,sum
7-9,纵横,zònghéng,"lit. warp and weft in weaving; vertically and horizontal; length and breadth; criss-crossed; able to move unhindered; abbr. for 合纵连横, School of Diplomacy during the Warring States Period (475-221 BC)"
7-9,纵然,zòngrán,even if; even though
7-9,纵容,zòngróng,to indulge; to connive at
7-9,纵深,zòngshēn,"depth (from front to rear); depth (into a territory); span (of time); (fig.) depth (of deployment, progress, development etc)"
7-9,走弯路,zǒu wānlù,to take an indirect route; to waste one's time by using an inappropriate method
7-9,走漏,zǒulòu,"to leak (information, secrets etc); to smuggle and evade tax; to suffer shrinkage (partial loss of goods due to theft etc)"
7-9,走势,zǒushì,trend; tendency
7-9,走私,zǒusī,to smuggle; to have an illicit affair
7-9,走向,zǒuxiàng,trend
7-9,揍,zòu,to beat; to give sb a beating
7-9,奏效,zòuxiào,to show results; to be effective
7-9,足迹,zújì,footprint; track; spoor
7-9,祖传,zǔchuán,inherited from one's ancestors
7-9,祖父,zǔfù,father's father; paternal grandfather
7-9,阻拦,zǔlán,to stop; to obstruct
7-9,阻力,zǔlì,resistance; drag
7-9,祖母,zǔmǔ,father's mother; paternal grandmother
7-9,阻挠,zǔnáo,to thwart; to obstruct (sth)
7-9,组装,zǔzhuāng,to assemble; to put together
7-9,祖宗,zǔzong,ancestor; forebear
7-9,钻空子,zuān kòngzi,to take advantage of a loophole; to exploit an advantage; to seize the opportunity (esp. to do sth bad)
7-9,钻研,zuānyán,to study meticulously; to delve into
7-9,钻石,zuànshí,diamond
7-9,嘴唇,zuǐchún,lip
7-9,尊贵,zūnguì,respected; respectable; honorable
7-9,遵循,zūnxún,follow; abide by; adhere to
7-9,尊严,zūnyán,dignity; sanctity; honor; majesty
7-9,遵照,zūnzhào,in accordance with; to follow (the rules)
7-9,琢磨,zuómo,to ponder; to mull over; to think through; Taiwan pr. [zhuó mó]
7-9,作对,zuòduì,to set oneself against; to oppose; to make a pair
7-9,作废,zuòfèi,to become invalid; to cancel; to delete; to nullify
7-9,作风,zuòfēng,style; style of work; way
7-9,作客,zuòkè,to live somewhere as a visitor; to stay with sb as a guest; to sojourn
7-9,作料,zuòliao,condiments
7-9,坐落,zuòluò,to be situated; to be located (of a building)
7-9,座谈,zuòtán,to have an informal discussion
7-9,作为,zuòwéi,one's conduct; deed; activity; accomplishment; achievement; to act as; as (in the capacity of); qua; to view as; to look upon (sth as); to take sth to be
7-9,作物,zuòwù,crop
7-9,作息,zuòxī,to work and rest
7-9,座右铭,zuòyòumíng,motto; maxim
7-9,作战,zuòzhàn,to fight a battle
7-9,做证,zuòzhèng,variant of 作证
